id,sequence,length,research_score,therapeutic_potential,aggregation_propensity,energy,beta_content,prior_art_status
ScaledTarget_0000_000,LVFFATPGDLGYEIGPAQ,18,0.514,0.589,0.491,187.5,0.389,PUBLISHED_PRIOR_ART
ScaledTarget_0000_001,FFAEGRMASIVWRQCRECEVAITQFDQDCCWVNCCILTGMMHMSKR,46,0.591,0.802,0.669,327.0,0.261,PUBLISHED_PRIOR_ART
ScaledTarget_0000_002,IIWCGKWHFYQSVWINEEMGFKNKYEWTWIVVENIYVIGPGTFDFYHMCAVYLFWP,56,0.750,1.000,0.960,844.5,0.500,PUBLISHED_PRIOR_ART
ScaledTarget_0000_003,ANRLSTYKRHYRLLMKWCSWNNYP,24,0.560,0.608,0.507,184.5,0.333,PUBLISHED_PRIOR_ART
ScaledTarget_0000_004,LCDIQMMQWRKDATWCQQWYCEINCQSFELMQTKYWRYGKEMDMAHWL,48,0.612,0.856,0.713,432.0,0.292,PUBLISHED_PRIOR_ART
ScaledTarget_0000_005,CFIGDHIDEDPDHSFCYVEQHQRTHSSKGVNGLKIFGRWRAEYCQYWWG,49,0.664,0.882,0.735,276.0,0.306,PUBLISHED_PRIOR_ART
ScaledTarget_0000_006,AIIGMCAIDLYKKESIKFECKALTHALAPAFLKKEPLSLMLPIELLIKALAPVIGSRA,58,0.722,1.000,0.870,430.5,0.362,PUBLISHED_PRIOR_ART
ScaledTarget_0000_007,VGGAVYGEYQNQPTHITQFALCNGWGQNPLSGEQQQQLSNGPNNNNQPGQNNPPWDK,57,0.618,0.869,0.724,217.5,0.193,PUBLISHED_PRIOR_ART
ScaledTarget_0000_008,HEEEYNRPLPAKRFMYNPIAFHCSHELYFEAQDLHTRRTTEKDRP,45,0.721,0.753,0.628,28.5,0.222,PUBLISHED_PRIOR_ART
ScaledTarget_0000_009,CDQKAVCGPCCKGNSMCTFCTAMYYPDQNLLCFYCDQDRVN,41,0.551,0.703,0.586,267.0,0.220,PUBLISHED_PRIOR_ART
ScaledTarget_0002_000,LVFFNQFFCYPYQQPPCCNRQQQELHNHPFNHQQKNQETQPAGLTQGGQQGAGVCGQT,58,0.628,0.895,0.746,255.0,0.207,PUBLISHED_PRIOR_ART
ScaledTarget_0002_001,GGVVVGGAVFTHAHSIWTGW,20,0.580,0.624,0.520,246.0,0.400,PUBLISHED_PRIOR_ART
ScaledTarget_0002_002,GGVVFFAEARTWYSAIASLITCPENAIVNYHVWPK,35,0.652,0.804,0.670,384.0,0.400,PUBLISHED_PRIOR_ART
ScaledTarget_0002_003,QQWGYGWCSPQHLQDVGEDKHQLHGQQRVTAIGW,34,0.535,0.662,0.552,178.5,0.265,PUBLISHED_PRIOR_ART
ScaledTarget_0002_004,GGVVPWFLKETAMDLEYGSWAHMDPALLSLEEIATGTSQ,39,0.617,0.763,0.636,291.0,0.308,PUBLISHED_PRIOR_ART
ScaledTarget_0002_005,LVFFFYMKLYHTWDG,15,0.622,0.756,0.630,280.5,0.600,PUBLISHED_PRIOR_ART
ScaledTarget_0002_006,AQLKESLVNDIPINILSEEC,20,0.700,0.576,0.480,93.0,0.350,PUBLISHED_PRIOR_ART
ScaledTarget_0003_000,AIIGMHAALHLEPLKWYKLAYEEECW,26,0.599,0.681,0.568,262.5,0.385,PUBLISHED_PRIOR_ART
ScaledTarget_0003_001,VGGAVIGTQWRAAGITWENKQDNNHGPNGSTQ,32,0.646,0.564,0.470,99.0,0.188,PUBLISHED_PRIOR_ART
ScaledTarget_0003_002,AIIGMLVFFDHTHYYAVMRSNGEITIFEDPHMEHAHMDRPGKRQNRIGY,49,0.615,0.862,0.719,253.5,0.286,PUBLISHED_PRIOR_ART
ScaledTarget_0003_003,QQFMCQFNRESGEIVYEPNHNCDICEENKEDGYEFNYITMNQTATECGF,49,0.591,0.804,0.670,175.5,0.224,PUBLISHED_PRIOR_ART
ScaledTarget_0003_004,GYMLGATRAEEMHARPLIQASKFNTTALV,29,0.502,0.580,0.483,147.0,0.241,PUBLISHED_PRIOR_ART
ScaledTarget_0003_005,EAEWHELRKLYLIYCYRVHEMTCVTYLWVALYWIDN,36,0.715,0.912,0.760,462.0,0.500,PUBLISHED_PRIOR_ART
ScaledTarget_0003_006,NSEADCKQVAMALWD,15,0.519,0.372,0.310,72.0,0.200,PUBLISHED_PRIOR_ART
ScaledTarget_0003_007,LVFFALIPNGCGKEASLLLLFWLAEHVTENIFEHAVEDWLCAEEHKEEIIKWP,53,0.733,1.000,0.862,475.5,0.415,PUBLISHED_PRIOR_ART
ScaledTarget_0003_008,CIWSGWKVYNHWSHDILIDYWALPHFYKLFVPEVVPWWLYREWHVSVPVWQAW,53,0.759,1.000,0.968,861.0,0.547,PUBLISHED_PRIOR_ART
ScaledTarget_0003_009,VGGAVAACTGQQILDPGNTQGQTNQPGQ,28,0.609,0.473,0.394,76.5,0.143,PUBLISHED_PRIOR_ART
ScaledTarget_0004_000,WNLNLMEGFDNNLYSHETRYQFCQGPSPQWGMPMPCVKAAQRKQNA,46,0.574,0.761,0.634,256.5,0.217,PUBLISHED_PRIOR_ART
ScaledTarget_0004_001,FAEDVYFFLVEYLRPFA,17,0.625,0.769,0.641,259.5,0.588,PUBLISHED_PRIOR_ART
ScaledTarget_0004_003,GSNKGRMEEYWVTHFNAILPMPMPSWVQPKDAKAADDDMAEPPIRTAYRTRSTEN,55,0.604,0.835,0.695,121.5,0.182,PUBLISHED_PRIOR_ART
ScaledTarget_0004_004,GGVVCDGNYPFTYSKYCYAQP,21,0.545,0.572,0.477,199.5,0.333,PUBLISHED_PRIOR_ART
ScaledTarget_0004_005,FDECNCSGPYVHEMRSEHDFHPVPDRNYIKCYGVEAHMVVFKDPCIEWREAECIDW,56,0.649,0.946,0.789,267.0,0.286,PUBLISHED_PRIOR_ART
ScaledTarget_0004_006,PPPNNHPGNVGDFPPHPDGQQKQMVPYGQIPCWINPPNQHPGGNGQQ,47,0.553,0.707,0.589,129.0,0.149,PUBLISHED_PRIOR_ART
ScaledTarget_0004_007,PNQQGNGGLNEHIGHFNDLMMSAFGPGEVPQEQKPCFGSNRNQQESPDHAFPVQ,54,0.593,0.808,0.673,109.5,0.167,PUBLISHED_PRIOR_ART
ScaledTarget_0004_008,KLVFFGGVVERWRPNHTENQLLRTWWQMIECCKICRKDYPAQHTVPQC,48,0.663,0.876,0.730,288.0,0.312,PUBLISHED_PRIOR_ART
ScaledTarget_0004_009,PKVEQMPLNKRNLQKPENEMALVWAVHWTKNF,32,0.532,0.654,0.545,144.0,0.281,PUBLISHED_PRIOR_ART
ScaledTarget_0005_001,TNIWVDMVWDWFLVRISC,18,0.611,0.749,0.624,307.5,0.556,PUBLISHED_PRIOR_ART
ScaledTarget_0005_002,GYMLGRSCQGCKCFPLPNGGTMLNKPNIPNSNQCLGLLQ,39,0.546,0.690,0.575,240.0,0.231,PUBLISHED_PRIOR_ART
ScaledTarget_0005_003,GGVVFGGGLMYFYWLEFFIWVIWEAFNPMWLVSF,34,0.774,1.000,0.834,726.0,0.618,PUBLISHED_PRIOR_ART
ScaledTarget_0005_004,GGVVAEETMIFRHHFWGQKKQCMSVVIACDRPLQMVTRHRRHVIPESTSHHVVCHLFIVR,60,0.713,1.000,0.853,300.0,0.317,PUBLISHED_PRIOR_ART
ScaledTarget_0005_005,DCIRNKPQYHRNILPNQVMHNINVSQIIPQCILHTQR,37,0.562,0.729,0.608,166.5,0.297,PUBLISHED_PRIOR_ART
ScaledTarget_0005_006,MTAAGACRLRGQDIHPTWHKGKVNYGKPGIIPTPRKQKIYLKPVQHRQLH,50,0.602,0.830,0.692,108.0,0.240,PUBLISHED_PRIOR_ART
ScaledTarget_0005_007,FAIMGNTGELKGGIFWIHWMKETWSTL,27,0.596,0.680,0.566,304.5,0.370,PUBLISHED_PRIOR_ART
ScaledTarget_0005_008,QNWKIKICRHGFRQWD,16,0.609,0.492,0.410,81.0,0.312,PUBLISHED_PRIOR_ART
ScaledTarget_0005_009,FFAELVFFADYGEIQGQKLSHRLTLLIIFAEDNMEFCWCQRLLFCCNDEDRASCGP,56,0.721,1.000,0.846,471.0,0.357,PUBLISHED_PRIOR_ART
ScaledTarget_0006_000,LVFFAFYPRYFSQKRQFA,18,0.578,0.696,0.580,240.0,0.500,PUBLISHED_PRIOR_ART
ScaledTarget_0006_001,LVFFAAIIGMLNLLTSTENNHRWTMMHNLTYYFRFQNTGHCCPFMYKTKLRQQASAT,57,0.708,0.987,0.823,501.0,0.316,PUBLISHED_PRIOR_ART
ScaledTarget_0006_002,PPQNSVDWESNVSTPGYQHTEHMLKM,26,0.619,0.497,0.414,73.5,0.192,PUBLISHED_PRIOR_ART
ScaledTarget_0006_003,LGIIGYWKVQWRYDCFNKYWQELWYSYHSGLVCEC,35,0.702,0.886,0.739,483.0,0.486,PUBLISHED_PRIOR_ART
ScaledTarget_0006_004,KAFPYSQFHDRWTVVDHDSYCMDDTYWKMNRGNPWPEPEFVCHC,44,0.586,0.790,0.658,270.0,0.273,PUBLISHED_PRIOR_ART
ScaledTarget_0006_005,RAMSCKFLPWDCAWLSFNWGRTCVALHAHKSRFPCGCWVFILAGRPDHEP,50,0.625,0.888,0.740,426.0,0.300,PUBLISHED_PRIOR_ART
ScaledTarget_0006_006,AIIGMTCHMIQFWRRPCISQITLDGWIMIHRIFAWKYYIQPNTDKSTVRKKIPSWGC,57,0.720,1.000,0.851,510.0,0.351,PUBLISHED_PRIOR_ART
ScaledTarget_0006_007,ICMHYWPRFMVCIIAPDSVMFNPHWNTQVGLPKWGS,36,0.634,0.779,0.649,430.5,0.361,PUBLISHED_PRIOR_ART
ScaledTarget_0006_008,WAFEALQQIPQWEMPHGGLNNGRMDGLGLWHTYVHYMPMWQNWPKDDHGIVPPPAAGN,58,0.654,0.961,0.801,487.5,0.276,PUBLISHED_PRIOR_ART
ScaledTarget_0006_009,LAAFPCYVAPENTFYMFPLYISR,23,0.614,0.693,0.578,322.5,0.435,PUBLISHED_PRIOR_ART
ScaledTarget_0007_000,AIIGMKQIQVGDWIPAGDGPEVYMDCLDL,29,0.591,0.679,0.566,249.0,0.345,PUBLISHED_PRIOR_ART
ScaledTarget_0007_001,KKCSTLGVWLLARPKWVEMEELHHSYKMPPTMGAYEFPLVAW,42,0.646,0.824,0.687,340.5,0.333,PUBLISHED_PRIOR_ART
ScaledTarget_0007_002,LVFFKTEACHVVMGPFKQKNAYCLDIKKLFEFLKAKSFMARYKWLLCEKCKILVAEM,57,0.727,1.000,0.879,465.0,0.386,PUBLISHED_PRIOR_ART
ScaledTarget_0007_003,LVFFAVLRRILGLNKNDPWRNPVHAYHPHMAPKWIQYDTVREKGFMPHGGSM,52,0.691,0.938,0.782,360.0,0.327,PUBLISHED_PRIOR_ART
ScaledTarget_0007_004,LVFFTGNFMQHHLICFWMQLDHYTDY,26,0.644,0.755,0.629,381.0,0.462,PUBLISHED_PRIOR_ART
ScaledTarget_0007_006,LVFFTPWLIRKVYVYFKYYPPDHFVPVLVGLIVINLQLGFKEWLICYRHVWFKVIYYTQG,60,0.773,1.000,1.093,957.0,0.617,PUBLISHED_PRIOR_ART
ScaledTarget_0007_007,CAWSIIVLFTTMHKEHSDHIDIVRGTFWMGKVWFVRFEKWMMPRENQPCI,50,0.700,0.946,0.788,448.5,0.360,PUBLISHED_PRIOR_ART
ScaledTarget_0007_008,VNFMIPYHTEKFELCTRDEC,20,0.631,0.528,0.440,99.0,0.300,PUBLISHED_PRIOR_ART
ScaledTarget_0007_009,FAEDVNSVVDPQNVERRCIAIQESMPWRHCLH,32,0.532,0.654,0.545,127.5,0.281,PUBLISHED_PRIOR_ART
ScaledTarget_0008_000,FPNVSCRMWLCISSTRYSFSEVYALWGQSQVVESVQYGDTLPNETV,46,0.687,0.907,0.756,400.5,0.370,PUBLISHED_PRIOR_ART
ScaledTarget_0008_003,APVNFCACWSRELYCKVCVGFYMRLWSR,28,0.614,0.713,0.594,330.0,0.393,PUBLISHED_PRIOR_ART
ScaledTarget_0008_004,LVFFGNSMISWKCCKLILILWPFV,24,0.706,0.848,0.707,435.0,0.583,PUBLISHED_PRIOR_ART
ScaledTarget_0008_005,TDFEVCVLFYSKVTFD,16,0.569,0.672,0.560,172.5,0.500,PUBLISHED_PRIOR_ART
ScaledTarget_0008_006,AIIGMYGFTFRHGSVKDIT,19,0.506,0.582,0.485,162.0,0.368,PUBLISHED_PRIOR_ART
ScaledTarget_0008_007,IWSAERFPEELPSMDQMCQNWSDPRVFNFYEKGEDVYTSSNT,42,0.572,0.755,0.630,192.0,0.262,PUBLISHED_PRIOR_ART
ScaledTarget_0008_008,VFVGIWIKHIFALVMDLGPV,20,0.696,0.816,0.680,333.0,0.600,PUBLISHED_PRIOR_ART
ScaledTarget_0008_009,DCPGPQQVPGPTGGTQNQWWHHRFGDPSGNKGHMYEKWQTQAITCAGYMGTDGCF,55,0.597,0.817,0.681,231.0,0.164,PUBLISHED_PRIOR_ART
ScaledTarget_0009_000,KLVFFASEGPENYWFQFPDIGVQEMCRIALRMLHSTNPAWHQGSNVAAYASDGKCN,56,0.649,0.946,0.789,396.0,0.286,PUBLISHED_PRIOR_ART
ScaledTarget_0009_001,NKVQRYFSKKQRVAKP,16,0.543,0.432,0.360,-27.0,0.250,PUBLISHED_PRIOR_ART
ScaledTarget_0009_002,AIIGMWVDAENLSRRGSGKDILYLDKGP,28,0.572,0.645,0.537,139.5,0.321,PUBLISHED_PRIOR_ART
ScaledTarget_0009_003,FEQTRNNGKVIWKDKWDLV,19,0.656,0.582,0.485,87.0,0.368,PUBLISHED_PRIOR_ART
ScaledTarget_0009_004,WMKWIKHEYSIYYQWNLWRKAIVF,24,0.682,0.808,0.673,375.0,0.542,PUBLISHED_PRIOR_ART
ScaledTarget_0009_005,DCPVVLDKTHWDSDYEGTWRGMFCHLMMRCQALRPMIFRAHLAFIYCTGTTGLVAL,56,0.707,0.981,0.817,486.0,0.321,PUBLISHED_PRIOR_ART
ScaledTarget_0009_006,AIIGMFAEDVSPMGLAIHWGDYTQHCGRIIKTVIGEYCPIYSTMMARIFFKSEDPAPN,58,0.710,0.994,0.828,460.5,0.310,PUBLISHED_PRIOR_ART
ScaledTarget_0009_007,WTKADCEDRSDFYALRDGQVEHAGDQKYCYAR,32,0.658,0.594,0.495,48.0,0.219,PUBLISHED_PRIOR_ART
ScaledTarget_0009_009,FYQKPIAVFAQVLVPGSISIHADFCAH,27,0.618,0.715,0.596,294.0,0.407,PUBLISHED_PRIOR_ART
ScaledTarget_0001_000,GSNKGGYMLGQTAHVWWGQYYIAHQDEPNGDTPRDENCNNQIPPWHNHGKWCW,53,0.611,0.853,0.711,295.5,0.226,PUBLISHED_PRIOR_ART
ScaledTarget_0001_001,AIIGMFAEDVRNIIEYSPPELQMKHSHYDMKLVFEFYMGPMSNADRRLQTFHG,53,0.681,0.926,0.772,324.0,0.302,PUBLISHED_PRIOR_ART
ScaledTarget_0001_002,LPRKAACSAEVPALEEKKEDHYIAHLQLLCDLEYK,35,0.698,0.694,0.579,85.5,0.286,PUBLISHED_PRIOR_ART
ScaledTarget_0001_003,LVFFYCENFNQHFDVQEVQSEHVFHDQHMKNIKVV,35,0.652,0.804,0.670,252.0,0.400,PUBLISHED_PRIOR_ART
ScaledTarget_0001_004,QRAFQERTGRFKVLAEEEQFSTYIGHMVHLFIFIT,35,0.635,0.777,0.647,232.5,0.371,PUBLISHED_PRIOR_ART
ScaledTarget_0001_005,VGGAVLKLKLRKREVMKAKLKAPLLLAEDNAKDLYIEALNKL,42,0.770,1.000,0.900,148.5,0.600,PUBLISHED_PRIOR_ART
ScaledTarget_0001_006,TTNLSPEQLVKMQDTIYNPELELTRYDEAKA,31,0.668,0.620,0.516,60.0,0.258,PUBLISHED_PRIOR_ART
ScaledTarget_0001_008,VPLSPYYWMHQENWPNCTNNNTRSYEINQTACPPHGCTNNGDIVFCNIG,49,0.599,0.823,0.686,325.5,0.245,PUBLISHED_PRIOR_ART
ScaledTarget_0001_009,FAEDVFTQAGVPCPKDPNDCRCPMQVVQGCIKNPNQHPQEPPPNFYPPGPRPQGYPAT,58,0.615,0.862,0.718,165.0,0.172,PUBLISHED_PRIOR_ART
ScaledTarget_0027_000,VGGAVCRSCSKDWSMRLMDPWLNYIIDQQQDCTFHMG,37,0.551,0.703,0.586,261.0,0.270,PUBLISHED_PRIOR_ART
ScaledTarget_0027_001,LVFFADYVFPNWVIWQVFYTGYTLI,25,0.767,0.953,0.794,532.5,0.680,PUBLISHED_PRIOR_ART
ScaledTarget_0027_002,VGGAVNLQITHWAGRAIMSTKLLPKEELCAIEAAEKRACFLVKAEEKS,48,0.604,0.836,0.697,180.0,0.271,PUBLISHED_PRIOR_ART
ScaledTarget_0027_003,GGVVMRPFQQGKTPQSREWSPTNGAN,26,0.604,0.460,0.383,40.5,0.154,PUBLISHED_PRIOR_ART
ScaledTarget_0027_004,FFAENWTNYGSEVQPKCPYWNQPLQGQCLMPVE,33,0.585,0.687,0.572,285.0,0.303,PUBLISHED_PRIOR_ART
ScaledTarget_0027_005,SYLEGQKVNQGNYCTNLASPVNAHVFGGMDEQQ,33,0.521,0.629,0.524,151.5,0.242,PUBLISHED_PRIOR_ART
ScaledTarget_0027_006,KQGQPFMVGCDGQMQRNHP,19,0.502,0.329,0.274,22.5,0.105,PUBLISHED_PRIOR_ART
ScaledTarget_0027_007,VWRTKGPGWCHPCQRHGIPIVIPKPHGQYPQPKRQTPNHTNSKCAI,46,0.566,0.740,0.617,108.0,0.196,PUBLISHED_PRIOR_ART
ScaledTarget_0027_008,HPQEVCWAVTNSLGLFVCYKYNNASQVKTWECDAWQNQQVRRGVGSTEDVDR,52,0.630,0.901,0.751,253.5,0.288,PUBLISHED_PRIOR_ART
ScaledTarget_0027_009,GSNKGFITISYQVSIHPFCNGVFIHYAAATPLHLFIFILCIKNFSIPYWIKLYQA,55,0.745,1.000,0.928,732.0,0.473,PUBLISHED_PRIOR_ART
ScaledTarget_0027_010,SLLVIWWYQDVWNLHDVSVQLWNHRYYKLYLWYIFSQF,38,0.776,1.000,0.885,685.5,0.632,PUBLISHED_PRIOR_ART
ScaledTarget_0027_011,GYMLGGSNKGDNEITIPWRFWYLMKHENVNQDLVWDTNSFWHSIFQI,47,0.699,0.932,0.776,451.5,0.383,PUBLISHED_PRIOR_ART
ScaledTarget_0027_012,VGGAVGDVNKIDGCFWFPHNQGPGYGEIPNNQCSNFLL,38,0.617,0.759,0.633,298.5,0.316,PUBLISHED_PRIOR_ART
ScaledTarget_0027_013,FAATLSNPRRNYIMWIAGGWNDMEPATCDDHWNYRAGILNKMGRCRSG,48,0.588,0.796,0.663,279.0,0.229,PUBLISHED_PRIOR_ART
ScaledTarget_0027_014,GYMLGGYMLGDLFVATKMIAVYYSLKAQIYYVDDWITDWYPSSWPIMRQC,50,0.738,1.000,0.852,672.0,0.440,PUBLISHED_PRIOR_ART
ScaledTarget_0027_015,LVFFWSQWGTIHYVYVFVWWWLYM,24,0.800,1.000,0.840,642.0,0.750,PUBLISHED_PRIOR_ART
ScaledTarget_0027_017,KLVFFGSNKGDGCVGLKQNHPESDKSWRSHMHGRFADASELDNGHCWLCSK,51,0.598,0.819,0.683,114.0,0.216,PUBLISHED_PRIOR_ART
ScaledTarget_0027_018,KLVFFAIIGMLCNMYKCKTTFIIWHIVCKYAMPRGGYCDLFKDQFDKPDHGAPMWKKLYA,60,0.723,1.000,0.893,580.5,0.367,PUBLISHED_PRIOR_ART
ScaledTarget_0027_019,GSYMNHGQVTTYATMTDSFCNPLSEDHCGCAIAHILLDFIQSRKSHQ,47,0.585,0.789,0.657,234.0,0.234,PUBLISHED_PRIOR_ART
ScaledTarget_0028_000,GGVVLVFFITSPDKSYWMIIGPIMEMLPV,29,0.671,0.811,0.676,403.5,0.483,PUBLISHED_PRIOR_ART
ScaledTarget_0028_001,HQHLCIDYITNRMCNKSWQEYKPDTFWVHFANNVVTIHFRFFFYLEDGHRYG,52,0.724,0.993,0.828,453.0,0.385,PUBLISHED_PRIOR_ART
ScaledTarget_0028_002,LVFFAGKGSRICPGRFSVMKKMMEV,25,0.557,0.607,0.506,172.5,0.320,PUBLISHED_PRIOR_ART
ScaledTarget_0028_003,LAILHPRTHKELYFIVEIKYYYLVWDVMSED,31,0.700,0.867,0.723,336.0,0.516,PUBLISHED_PRIOR_ART
ScaledTarget_0028_004,VGGAVMKTTNPPMVECHYKQPGSNS,25,0.601,0.454,0.378,64.5,0.160,PUBLISHED_PRIOR_ART
ScaledTarget_0028_005,LVFFAKFQRAMFVAKSEKQNLQALFLYHFNLEECHKTSMLEKR,43,0.660,0.851,0.709,271.5,0.349,PUBLISHED_PRIOR_ART
ScaledTarget_0028_006,TFELELFDEELIHNATAED,19,0.626,0.531,0.443,61.5,0.316,PUBLISHED_PRIOR_ART
ScaledTarget_0028_008,RTAVQCWNIKSGKTQGHTKYKPR,23,0.597,0.443,0.369,-13.5,0.174,PUBLISHED_PRIOR_ART
ScaledTarget_0028_009,KPNEPKKQANLTAAHIMYLSGRKLKPRAFEHAAWASISGELWKDVA,46,0.583,0.782,0.651,147.0,0.239,PUBLISHED_PRIOR_ART
ScaledTarget_0028_010,IKEVKQRCNSQMIRHKPMDRWFHGPHRHAGKKQNCTLFTCDMADESTMSAHDR,53,0.725,0.763,0.636,-34.5,0.132,PUBLISHED_PRIOR_ART
ScaledTarget_0028_011,LQASSKIVRRYGMFMTFEEIWEWKGMKSTRSFFWVTSNT,39,0.632,0.788,0.657,298.5,0.333,PUBLISHED_PRIOR_ART
ScaledTarget_0028_012,VGGAVKICDFWWRVIWI,17,0.625,0.769,0.641,298.5,0.588,PUBLISHED_PRIOR_ART
ScaledTarget_0028_013,KLVFFWRLCIYYYHEYYFVLFF,22,0.805,1.000,0.838,505.5,0.773,PUBLISHED_PRIOR_ART
ScaledTarget_0028_014,LVFFDEVWCLTDTWFGGIGFWTWTNYNCMDPFEDDIVYYYKVDGDQMQISPIPIIANLT,59,0.738,1.000,0.943,732.0,0.441,PUBLISHED_PRIOR_ART
ScaledTarget_0028_015,GYMLGQMYLRNHYIVDRTRKHDWDWPPQGRK,31,0.530,0.651,0.542,138.0,0.290,PUBLISHED_PRIOR_ART
ScaledTarget_0028_016,RIVCMWRGLTAIPTYGDL,18,0.514,0.589,0.491,189.0,0.389,PUBLISHED_PRIOR_ART
ScaledTarget_0028_017,GYMLGGYMLGTPATDRRILEKAFREDSYKVDDMIQPLVVWPPFYY,45,0.687,0.903,0.752,378.0,0.378,PUBLISHED_PRIOR_ART
ScaledTarget_0028_018,KYVFAMVCCCVPKQVDTEDVSTHDSRDIAARDWFFKASEGEGAHSRFTQIYFYWLID,57,0.717,1.000,0.837,376.5,0.333,PUBLISHED_PRIOR_ART
ScaledTarget_0028_019,WAYLRPFSYAWKEPHERKCWMDIPGLCGLNS,31,0.587,0.682,0.568,265.5,0.323,PUBLISHED_PRIOR_ART
ScaledTarget_0029_000,RHRYTGHQGNDHDFQFRHM,19,0.522,0.380,0.316,-13.5,0.158,PUBLISHED_PRIOR_ART
ScaledTarget_0029_001,FAEDVGNWPSQKQYQGPKPAYQENPNQNNNIMPNGGPIHCGPCPGQ,46,0.549,0.698,0.582,136.5,0.152,PUBLISHED_PRIOR_ART
ScaledTarget_0029_002,EKTAWNAEPGHAESAEEALVEKIEGFNKGEQKDTAHVLGHKHE,43,0.689,0.672,0.560,-81.0,0.163,PUBLISHED_PRIOR_ART
ScaledTarget_0029_003,YRTLRWWIVPLWRIGYYYVCEECSYSYWFFH,31,0.738,0.929,0.775,540.0,0.581,PUBLISHED_PRIOR_ART
ScaledTarget_0029_004,GYMLGQGLIPLQNPGMGFWQPNF,23,0.564,0.610,0.508,288.0,0.348,PUBLISHED_PRIOR_ART
ScaledTarget_0029_005,GYMLGGGVVGDYCRGHSHGKIATLTEMGGFSPVEKL,36,0.549,0.699,0.582,192.0,0.278,PUBLISHED_PRIOR_ART
ScaledTarget_0029_006,QSNMPGMMRTNPWGGGGKQPPW,22,0.561,0.351,0.293,93.0,0.091,PUBLISHED_PRIOR_ART
ScaledTarget_0029_008,GYMLGCKNWYSNFMMYGGVCDCCYQHITTLWYVKEICKGVHKWLIVA,47,0.712,0.952,0.793,582.0,0.404,PUBLISHED_PRIOR_ART
ScaledTarget_0029_009,WEVKLKFFDIHLLKALHKKKQSTEDAHKALGCEDAAERHKSEARLAR,47,0.735,0.789,0.657,-27.0,0.234,PUBLISHED_PRIOR_ART
ScaledTarget_0029_010,KYKTRGGFNQYLVRYFWTYWMNGWYFLCFGDS,32,0.677,0.834,0.695,457.5,0.469,PUBLISHED_PRIOR_ART
ScaledTarget_0029_011,GGVVFNGWAVYQWAVHEYFVYFLYLIMAIEVFVWFWLYVFTNW,43,0.785,1.000,0.970,952.5,0.674,PUBLISHED_PRIOR_ART
ScaledTarget_0029_012,VGGAVALDLTALASGCKALSDWCCCKKRFLNDAKKALKKPGRLD,44,0.577,0.768,0.640,145.5,0.250,PUBLISHED_PRIOR_ART
ScaledTarget_0029_013,EAKALTIHSAEEWQPTKKQEWPRLTTEEMMELCELKGETKLNAWEKKERWLQL,53,0.761,0.853,0.711,57.0,0.226,PUBLISHED_PRIOR_ART
ScaledTarget_0029_014,APCAHDITGLHYESLVDTVTCFNCQQRNMNLQNLYHNM,38,0.553,0.709,0.591,241.5,0.263,PUBLISHED_PRIOR_ART
ScaledTarget_0029_015,FAEDVPCIDIGEFWTELAH,19,0.506,0.582,0.485,162.0,0.368,PUBLISHED_PRIOR_ART
ScaledTarget_0029_016,ELPLAVILQEMEERLCTLFHMLMAVYALY,29,0.651,0.778,0.649,351.0,0.448,PUBLISHED_PRIOR_ART
ScaledTarget_0029_017,WGDWYIWHPSWQKYSTWWAMGVIGMTWTVHGNMVYEDPM,39,0.662,0.837,0.698,556.5,0.385,PUBLISHED_PRIOR_ART
ScaledTarget_0029_018,FFAEELAWAQTAALIRKATLKEKEGEIKWARKLWALAT,38,0.617,0.759,0.633,223.5,0.316,PUBLISHED_PRIOR_ART
ScaledTarget_0029_019,KCLWQKEAVLGAHEASEKSHAKAE,24,0.599,0.448,0.373,-13.5,0.167,PUBLISHED_PRIOR_ART
ScaledTarget_0030_000,LVFFSVMHLCVDPIKTCGHMEVHVKHVFPYYCGWGEPRKSALEGSMTEDQ,50,0.677,0.907,0.756,331.5,0.320,PUBLISHED_PRIOR_ART
ScaledTarget_0030_002,LVFFMGNGHRLSIRKYSHAAFFHFPIPPDLYNKWTNFQCVECDPWH,46,0.687,0.907,0.756,441.0,0.370,PUBLISHED_PRIOR_ART
ScaledTarget_0030_003,DDANVSTCEDTCWDYQPACQCDLGSHYKTRRINFDSQEIHFLLF,44,0.586,0.790,0.658,202.5,0.273,PUBLISHED_PRIOR_ART
ScaledTarget_0030_004,FAEDVAIIGMAPIFFAMVTTPNEHH,25,0.557,0.607,0.506,232.5,0.320,PUBLISHED_PRIOR_ART
ScaledTarget_0030_005,IFVWDLFDFCNYQVAILKLLEWPSSVELEST,31,0.700,0.867,0.723,394.5,0.516,PUBLISHED_PRIOR_ART
ScaledTarget_0030_006,LRTHMLREPPGRNPWMMIGIDDRLVVAAFNTKSWCHLDWMG,41,0.579,0.773,0.644,295.5,0.293,PUBLISHED_PRIOR_ART
ScaledTarget_0030_007,VGGAVLLWWPNWLQK,15,0.583,0.692,0.577,256.5,0.533,PUBLISHED_PRIOR_ART
ScaledTarget_0030_008,WRTREPSYDSVIQVWCDGYNPETQAGICRIYKVNIVEYQKATAK,44,0.647,0.833,0.695,228.0,0.318,PUBLISHED_PRIOR_ART
ScaledTarget_0030_009,VGGAVKFWNGKGQNCENQRTCQNQWSNWVGPNNNGPWKNHQGNKDNGQTFTQHRNME,57,0.604,0.836,0.696,115.5,0.158,PUBLISHED_PRIOR_ART
ScaledTarget_0030_010,QKWELEKKKQKLESKLFLPYADEFSWGGAK,30,0.679,0.648,0.540,72.0,0.300,PUBLISHED_PRIOR_ART
ScaledTarget_0030_011,FFAEGSNKGHQLGSDETCRLTPIVMNCPLRLCMMNATRNHGLSVVYYLRAS,51,0.620,0.876,0.730,295.5,0.275,PUBLISHED_PRIOR_ART
ScaledTarget_0030_012,AIIGMGYMLGHHCPNCPRHRFVEHYEWFAETMSDKIHP,38,0.553,0.709,0.591,238.5,0.263,PUBLISHED_PRIOR_ART
ScaledTarget_0030_014,NWNLTNWAHMDNTNREPGNP,20,0.574,0.384,0.320,69.0,0.150,PUBLISHED_PRIOR_ART
ScaledTarget_0030_015,FAHKKLMYRYPPQEWVFP,18,0.514,0.589,0.491,174.0,0.389,PUBLISHED_PRIOR_ART
ScaledTarget_0030_016,LVFFAVGGAVMYTMAWGLMDRQPQDYAWFCHVLEQKIIWVIGTKDSE,47,0.712,0.952,0.793,529.5,0.404,PUBLISHED_PRIOR_ART
ScaledTarget_0030_017,FAEDVWPAKANALKLKLTKGEDCLMCKM,28,0.500,0.576,0.480,127.5,0.250,PUBLISHED_PRIOR_ART
ScaledTarget_0030_018,QPHAGIKICMFCICHGNVMCGYAAYRSIWRFEDKGKNMCHHKFEII,46,0.599,0.823,0.686,327.0,0.283,PUBLISHED_PRIOR_ART
ScaledTarget_0030_019,GYMLGAWRKWEDAAGKK,17,0.542,0.430,0.358,82.5,0.235,PUBLISHED_PRIOR_ART
ScaledTarget_0031_000,KKFPNLAKYELVMCPVVAQPEAVHNLNELEGNNPHKLAVF,40,0.632,0.792,0.660,222.0,0.325,PUBLISHED_PRIOR_ART
ScaledTarget_0031_001,GYMLGKLVFFHYHKRIRQPWGVS,23,0.614,0.693,0.578,226.5,0.435,PUBLISHED_PRIOR_ART
ScaledTarget_0031_002,CLKHLRCYGPEEHILMCNGHFNCWDMLDVIDKSKSH,36,0.549,0.699,0.582,178.5,0.278,PUBLISHED_PRIOR_ART
ScaledTarget_0031_004,EGCDALLPMHTQDKASEKVNASHRCHSPQNHDYITTRFPYTVATTQTGWSGWQGVHNID,59,0.631,0.903,0.753,168.0,0.203,PUBLISHED_PRIOR_ART
ScaledTarget_0031_005,LVFFTPKQHVAFWQRMCQR,19,0.506,0.582,0.485,183.0,0.368,PUBLISHED_PRIOR_ART
ScaledTarget_0031_006,GYMLGTGPYKCLKLLYEYLNVNVILYPFIIKFYIFIMWWFTLFLYLWIIIFYPLAIYCL,59,0.786,1.000,1.132,1246.5,0.678,PUBLISHED_PRIOR_ART
ScaledTarget_0031_007,IGSGAEPNCPISRLDYFATTYPVEF,25,0.557,0.607,0.506,183.0,0.320,PUBLISHED_PRIOR_ART
ScaledTarget_0031_009,VYRHRVNPGIFVNDNTQWQDVQHGGDKDGEAAPNTGGRWMGVNVQIPTCKKIYMHF,56,0.642,0.929,0.774,250.5,0.268,PUBLISHED_PRIOR_ART
ScaledTarget_0031_010,LVFFLVFFAETCLFYTYCTCD,21,0.685,0.801,0.667,384.0,0.571,PUBLISHED_PRIOR_ART
ScaledTarget_0031_011,AIIGMAIIGMVGRMMDMNPAYDII,24,0.560,0.608,0.507,283.5,0.333,PUBLISHED_PRIOR_ART
ScaledTarget_0031_012,WELDHMLMKQWFVGPSKPSVELFQAGEKYKEKEQAERYRMVAA,43,0.584,0.784,0.653,172.5,0.279,PUBLISHED_PRIOR_ART
ScaledTarget_0031_013,PENNFDLSGCGKEMHTSFFQKAVKHGYFWWH,31,0.530,0.651,0.542,211.5,0.290,PUBLISHED_PRIOR_ART
ScaledTarget_0031_014,KLVFFHRVCDGGKNWTLIHSCSCYVP,26,0.599,0.681,0.568,232.5,0.385,PUBLISHED_PRIOR_ART
ScaledTarget_0031_015,FFAEKLVFFHMVFFDSNTD,19,0.568,0.683,0.569,235.5,0.474,PUBLISHED_PRIOR_ART
ScaledTarget_0031_016,GQPEHVELWTHGRPVGYMQGGNDMTRVQPPNDTTWG,36,0.517,0.619,0.516,112.5,0.194,PUBLISHED_PRIOR_ART
ScaledTarget_0031_017,GHASLNFGHGNQDPPESPIPNKIQVQQGGYTNQ,33,0.648,0.571,0.475,66.0,0.182,PUBLISHED_PRIOR_ART
ScaledTarget_0031_018,FFAEGNNSEQCGGPQRINFRGVPHFPPSNGAQPKQQGNQPPGSP,44,0.684,0.659,0.549,60.0,0.136,PUBLISHED_PRIOR_ART
ScaledTarget_0031_019,WGSGRVRQGYTREFGDCQGLLHHHPTFSTET,31,0.656,0.589,0.491,78.0,0.226,PUBLISHED_PRIOR_ART
ScaledTarget_0032_000,KLVFFHEHLCYYIPKDDVQGWETESNSFWLSYEMSQCGEMTWGI,44,0.674,0.877,0.731,396.0,0.364,PUBLISHED_PRIOR_ART
ScaledTarget_0032_001,FFAEEQNGDQMSAGTRLYHWGVCWNEWQHQTCMRNKDT,38,0.533,0.658,0.548,183.0,0.211,PUBLISHED_PRIOR_ART
ScaledTarget_0032_002,VGGAVHAEVGNVTRESFQILD,21,0.545,0.572,0.477,100.5,0.333,PUBLISHED_PRIOR_ART
ScaledTarget_0032_003,FAEDVGRWYCNVIHM,15,0.506,0.564,0.470,168.0,0.400,PUBLISHED_PRIOR_ART
ScaledTarget_0032_004,ELPRILWRMGDAMDKNQNEQWFTQVVWLHNRKIFGFRP,38,0.632,0.784,0.654,258.0,0.342,PUBLISHED_PRIOR_ART
ScaledTarget_0032_005,GNNHDKNPGSYPTNPRPPKQRNPDRWGN,28,0.582,0.405,0.337,-94.5,0.071,PUBLISHED_PRIOR_ART
ScaledTarget_0032_006,FAEDVVGGAVDYHESWVTDEVCSYYEAVAWIDNKVAESCM,40,0.646,0.816,0.680,309.0,0.350,PUBLISHED_PRIOR_ART
ScaledTarget_0032_007,GGVVIAMRAVLAHEKECEHGGAMKDRLAEYANKKKEAREDKFKSSKKKHKSK,52,0.729,0.772,0.643,-190.5,0.154,PUBLISHED_PRIOR_ART
ScaledTarget_0032_008,LVFFAGYMLGMLKGPWFWPQMWNV,24,0.657,0.768,0.640,462.0,0.500,PUBLISHED_PRIOR_ART
ScaledTarget_0032_009,PDTECVSQWYNTCNEHTESRNKLPGQG,27,0.606,0.466,0.389,1.5,0.148,PUBLISHED_PRIOR_ART
ScaledTarget_0032_010,LVFFLVFFWHLVVIHDPVIEIEASLSHNNDQHFPQLEIEGNKVYMFPCMAYKWYMW,56,0.746,1.000,0.946,741.0,0.482,PUBLISHED_PRIOR_ART
ScaledTarget_0032_011,GMWIWKREMHGEIENGPGTIGIRAMFEEYTIPGEPAS,37,0.541,0.678,0.565,186.0,0.243,PUBLISHED_PRIOR_ART
ScaledTarget_0032_012,GGVVVNNWGLKTLQWHQKNVGMDPGLLN,28,0.593,0.679,0.566,228.0,0.357,PUBLISHED_PRIOR_ART
ScaledTarget_0032_013,LVFFGSNKGMFPNPWVPY,18,0.546,0.643,0.536,256.5,0.444,PUBLISHED_PRIOR_ART
ScaledTarget_0032_014,AHHWYARLPTSAAGIHLVKCKKQVIQKVNNILEDIDSIMTEEMEKMHGYQKRPTVAK,57,0.645,0.937,0.781,162.0,0.263,PUBLISHED_PRIOR_ART
ScaledTarget_0032_015,FCFKFRGNGMCPVMFVMAMPDTLSTQQIDKGPVGEDQYNWRFIMHCTAREVRKRWWVAP,59,0.664,0.985,0.821,423.0,0.288,PUBLISHED_PRIOR_ART
ScaledTarget_0032_016,KYYPHTKCYHHFQFDEDPPNWVFTIGGGARFCFNISLHIHREWHE,45,0.661,0.860,0.717,315.0,0.333,PUBLISHED_PRIOR_ART
ScaledTarget_0032_017,GYMLGAHCEYALCEDCEEPLDECFEERVPLEHYR,34,0.535,0.662,0.552,120.0,0.265,PUBLISHED_PRIOR_ART
ScaledTarget_0032_018,MNHIPQMILEQHVRISEATFYWEAQCHHHRLETYMKGCCEMHLCRWYWDH,50,0.618,0.869,0.724,345.0,0.280,PUBLISHED_PRIOR_ART
ScaledTarget_0032_019,LVFFAIAKAQKAAMKLKWIKQFHLDLLDELETEKPIHQLEERDGKLPD,48,0.675,0.896,0.747,178.5,0.333,PUBLISHED_PRIOR_ART
ScaledTarget_0033_000,KLVFFWWHPVLGEQMSCW,18,0.578,0.696,0.580,301.5,0.500,PUBLISHED_PRIOR_ART
ScaledTarget_0033_001,FAEDVDPLTSDGIGFHSTRPVKLCVHYYRWQPMMSF,36,0.617,0.752,0.627,270.0,0.333,PUBLISHED_PRIOR_ART
ScaledTarget_0033_002,LVFFQYFYFRPVYWIGIRFYWPQYHVK,27,0.769,0.964,0.803,526.5,0.667,PUBLISHED_PRIOR_ART
ScaledTarget_0033_003,GSNKGGLNWKHGPPKEKSMSLFGITITAIRACDVIESRCIIEHDRFDNF,49,0.607,0.843,0.702,156.0,0.265,PUBLISHED_PRIOR_ART
ScaledTarget_0033_004,FFAEQGPKYHYLLAHIIGWLLQILAYLIVHVRLV,34,0.757,0.973,0.811,522.0,0.588,PUBLISHED_PRIOR_ART
ScaledTarget_0033_005,CIYARGENAPWTVPPWDTPIEAGPVQWPERWDLWTEEWAPKNYFNGEDYIPSVGG,55,0.695,0.957,0.797,417.0,0.309,PUBLISHED_PRIOR_ART
ScaledTarget_0033_006,LCQYQKYYFVKIFYYMFAS,19,0.629,0.784,0.653,342.0,0.579,PUBLISHED_PRIOR_ART
ScaledTarget_0033_007,GSLSEGLMDAGSCAFSKAGKANTKYTHNYCIAEGAHVSIWPHSITPSITDLKC,53,0.611,0.853,0.711,241.5,0.226,PUBLISHED_PRIOR_ART
ScaledTarget_0033_008,TNWLMNIIPCLIEKGWIEFWTTCKVFKFAGQCLSTCEGLATTSRWTMVWRWH,52,0.713,0.975,0.812,567.0,0.365,PUBLISHED_PRIOR_ART
ScaledTarget_0033_009,GSNKGELEAETRIEYHAHIEIFKFQEICTVANMAASHKFLGLSLE,45,0.597,0.817,0.681,186.0,0.289,PUBLISHED_PRIOR_ART
ScaledTarget_0033_010,GEHVGQGSKSHKNDDNMDHRK,21,0.539,0.298,0.248,-153.0,0.048,PUBLISHED_PRIOR_ART
ScaledTarget_0033_011,GYMLGAIIGMCSDYMMTRLGFRVARYPWHTLIQ,33,0.621,0.745,0.621,376.5,0.364,PUBLISHED_PRIOR_ART
ScaledTarget_0033_012,CTEVEPRVKWHTWQCEQHAN,20,0.593,0.432,0.360,46.5,0.200,PUBLISHED_PRIOR_ART
ScaledTarget_0033_014,WWWANVCAEYMYVMYYWFICMRADRL,26,0.667,0.792,0.660,502.5,0.500,PUBLISHED_PRIOR_ART
ScaledTarget_0033_015,QQESERVGINQGFQHHHNPAMALIVLSLPHVCEAKFQVMYCIRGLECCYIWYTLLCVQ,58,0.722,1.000,0.870,519.0,0.362,PUBLISHED_PRIOR_ART
ScaledTarget_0033_016,VMFNKEVYSCATWDDCWTGQTLEMKVMYCGMRAPVQEGEFSPDTLY,46,0.599,0.823,0.686,336.0,0.283,PUBLISHED_PRIOR_ART
ScaledTarget_0033_017,FEAWTGCVSPPSMEANTDWKE,21,0.594,0.435,0.362,99.0,0.190,PUBLISHED_PRIOR_ART
ScaledTarget_0033_018,TMDREFNEHRQIPLFNHNAILCWSFEHRGSSKNRA,35,0.676,0.639,0.533,81.0,0.229,PUBLISHED_PRIOR_ART
ScaledTarget_0033_019,LVFFAGSNKGFVLRSQQKVMIGRKDHIPDWHMNQPLGVFFAAITLMGFGTICMA,54,0.715,0.986,0.821,510.0,0.352,PUBLISHED_PRIOR_ART
ScaledTarget_0034_000,VGRMQQFEFSVYYVCSLGQVMALFVCI,27,0.661,0.786,0.655,382.5,0.481,PUBLISHED_PRIOR_ART
ScaledTarget_0034_001,LVFFAPWGEQYWNQNEGG,18,0.514,0.589,0.491,217.5,0.389,PUBLISHED_PRIOR_ART
ScaledTarget_0034_002,QNEPPIPNGPGNVEFND,17,0.519,0.373,0.311,19.5,0.176,PUBLISHED_PRIOR_ART
ScaledTarget_0034_003,GHMQICINGGPMNNMEDYH,19,0.522,0.380,0.316,97.5,0.158,PUBLISHED_PRIOR_ART
ScaledTarget_0034_005,VGGAVPEEYTNQMANQHKVLDVDRWISVQGEAVFSHTKSTNSADQ,45,0.580,0.775,0.646,126.0,0.244,PUBLISHED_PRIOR_ART
ScaledTarget_0034_006,FAEDVREPWYQNGWTEDILWDP,22,0.568,0.613,0.511,177.0,0.364,PUBLISHED_PRIOR_ART
ScaledTarget_0034_007,VGGAVIARCYNLETFEFQVWK,21,0.601,0.663,0.553,217.5,0.429,PUBLISHED_PRIOR_ART
ScaledTarget_0034_008,FFAEPYGPLQENDCFENGHLQFENNPERNPAWGPCPEQMNKPQGQEKHPRGQMEQLH,57,0.754,0.836,0.696,73.5,0.158,PUBLISHED_PRIOR_ART
ScaledTarget_0034_009,GGVVLKLPLKLVFLFYSYAVQTAKSKEVENLEVYIEHKFLMEHMTMADEEK,51,0.724,0.988,0.824,334.5,0.392,PUBLISHED_PRIOR_ART
ScaledTarget_0034_010,LHGLKPFEKKAKEDQEWEESEELMANGLEYWAHWLMLLWKELLEMRGVI,49,0.688,0.921,0.768,292.5,0.347,PUBLISHED_PRIOR_ART
ScaledTarget_0034_011,LVFFDWYDVKECISEQNY,18,0.578,0.696,0.580,205.5,0.500,PUBLISHED_PRIOR_ART
ScaledTarget_0034_012,ILMEFIWVYTTLVTVSFWCKYLL,23,0.741,0.902,0.752,453.0,0.652,PUBLISHED_PRIOR_ART
ScaledTarget_0034_013,GGVVAIIGMIVPMGQKWTTVNMNQSDNRVHTEIQIGKTVMIRNPCQYYF,49,0.676,0.901,0.751,375.0,0.327,PUBLISHED_PRIOR_ART
ScaledTarget_0034_014,FNVWKIGIGSEFKHWPNKNPDFDRIHGLVWDATKGGEKGFMWWVAWRFHYKTFHMNYWWK,60,0.727,1.000,0.907,595.5,0.383,PUBLISHED_PRIOR_ART
ScaledTarget_0034_015,WNDTYMGAEILISNWKYDNKEKRIKAIPGRKMGWLENDCWIWISAQELH,49,0.676,0.901,0.751,330.0,0.327,PUBLISHED_PRIOR_ART
ScaledTarget_0034_016,TGQCSQQGDNPSNQADMYQECGGGNHCCQHWTAPWKIRSNPNPGSSWSSNRIN,53,0.568,0.745,0.621,108.0,0.113,PUBLISHED_PRIOR_ART
ScaledTarget_0034_017,KHNMHTPPLMSRNCYSNMQPHQHILGPHPTGTRVNKSARQPIRSNVKGWGCQPPGPM,57,0.747,0.819,0.682,93.0,0.140,PUBLISHED_PRIOR_ART
ScaledTarget_0034_018,AIIGMLVFFAGQKKWHWQQTC,21,0.573,0.618,0.515,258.0,0.381,PUBLISHED_PRIOR_ART
ScaledTarget_0034_019,EFWLGIMMWNRIHGIVHKHSHHAQRRAEMGRY,32,0.532,0.654,0.545,180.0,0.281,PUBLISHED_PRIOR_ART
ScaledTarget_0035_000,TEVQDLYCQGYINNSYIIQLKSEVISP,27,0.618,0.715,0.596,213.0,0.407,PUBLISHED_PRIOR_ART
ScaledTarget_0035_001,LVFFLNKKEKKEAEYIYKKFTEDAYWRARQYAKADVCLLAVCATKEY,47,0.687,0.911,0.759,256.5,0.362,PUBLISHED_PRIOR_ART
ScaledTarget_0035_002,KLVFFSVMYHGWCVVEYDLWVQDV,24,0.706,0.848,0.707,379.5,0.583,PUBLISHED_PRIOR_ART
ScaledTarget_0035_003,LVFFGSNKGDKHPQNWQIHPVPFCYRQMMFKLLLAIIGHYCNPRP,45,0.674,0.881,0.734,397.5,0.356,PUBLISHED_PRIOR_ART
ScaledTarget_0035_004,LVFFTQRYTHDITQVYGFQFKRDCPGCWDCMIRVVWQKMYQTMM,44,0.674,0.877,0.731,441.0,0.364,PUBLISHED_PRIOR_ART
ScaledTarget_0035_005,TCYDACGWQYCFTAANDVNGCQMRKLTSLGDVAHHWQVC,39,0.556,0.714,0.595,301.5,0.256,PUBLISHED_PRIOR_ART
ScaledTarget_0035_006,LRLWDAQPKVWTTKWYFKDWCPSMNAVDWNSKQRDTHQYMGWRQYKQFVKGCYE,54,0.693,0.950,0.792,384.0,0.315,PUBLISHED_PRIOR_ART
ScaledTarget_0035_007,ATTYLPALTEGDNMNWLAAKGFANEQFLNQRPSNKPEIWAHCEKLNIFSRDAALATEVE,59,0.651,0.952,0.793,280.5,0.254,PUBLISHED_PRIOR_ART
ScaledTarget_0035_008,QNGAWKAKDEMARELFIEQHQHKDWKQNLGAEFKKHAKAGKP,42,0.686,0.664,0.553,-28.5,0.167,PUBLISHED_PRIOR_ART
ScaledTarget_0035_009,AIIGMALDFAPEKIPGKINGWISNHLMQEACAKLCVCYAKYAKCEKEEYHKLL,53,0.681,0.926,0.772,331.5,0.302,PUBLISHED_PRIOR_ART
ScaledTarget_0035_010,TRLWLLAANLVPYYVDNFHDSDKEQWIVKPRTIQILY,37,0.696,0.885,0.738,355.5,0.459,PUBLISHED_PRIOR_ART
ScaledTarget_0035_011,THARMLPVVIFKQWEQNGLSFRIIMFDYEYKWYEMTRYQNAKQCYYSTMPDMYEL,55,0.723,1.000,0.841,501.0,0.364,PUBLISHED_PRIOR_ART
ScaledTarget_0035_012,EWHMSRWWPENSVNPLALCDCYYWFYHKFWDMEQQTKRKDWDRDKMNTCHQ,51,0.620,0.876,0.730,316.5,0.275,PUBLISHED_PRIOR_ART
ScaledTarget_0035_014,SSVTNEGYVTMKKYPAMPWHSRFYFNASLLC,31,0.587,0.682,0.568,271.5,0.323,PUBLISHED_PRIOR_ART
ScaledTarget_0035_015,KKFKEYKLTECAGKNYCAVAWGLAQEQSGNRLTLEPKQ,38,0.693,0.683,0.569,82.5,0.237,PUBLISHED_PRIOR_ART
ScaledTarget_0035_016,KLVFFGSNKGKKVPHRQSNCIGMPLIIEWCKKVTSLLPRDC,41,0.632,0.796,0.664,190.5,0.317,PUBLISHED_PRIOR_ART
ScaledTarget_0035_017,GSNKGQKLPQNNKRGQNAY,19,0.502,0.329,0.274,-51.0,0.105,PUBLISHED_PRIOR_ART
ScaledTarget_0035_018,AIIGMDNTGPPPMLRNGQNGQNTNQQTNCQNGNYKGNSPYPQNWVAS,47,0.553,0.707,0.589,154.5,0.149,PUBLISHED_PRIOR_ART
ScaledTarget_0035_019,FFAEEPDKQRCIEAQASDKFMRADQLHQVAEEYSKAAGENEALHASEFGNFLILLEQQVL,60,0.660,0.976,0.813,201.0,0.267,PUBLISHED_PRIOR_ART
ScaledTarget_0036_001,VGGAVGSNKGKFFVGWWDIITTFDFLVGAQNFHFEVLMDGECASAFFHSKPHAMSPATQ,59,0.714,1.000,0.848,505.5,0.322,PUBLISHED_PRIOR_ART
ScaledTarget_0036_002,GYMLGIALEKKRKAKKED,18,0.542,0.429,0.358,-36.0,0.222,PUBLISHED_PRIOR_ART
ScaledTarget_0036_003,AIIGMEPPPPGQPQLKGQNGTGNCMCNGGEGNAPLPTALGFCVQQQWGIQHPFSAPGPQG,60,0.622,0.880,0.733,291.0,0.167,PUBLISHED_PRIOR_ART
ScaledTarget_0036_004,VGGAVSSQGVRYLLGPAEMLEETEDLTDN,29,0.665,0.613,0.511,97.5,0.276,PUBLISHED_PRIOR_ART
ScaledTarget_0036_005,PVFFGQLFRQYHAEYAVKHSHSQWCMQFLFKMFQFDMKHGVAWCGDHNSLQINVYYEYHT,60,0.723,1.000,0.893,589.5,0.367,PUBLISHED_PRIOR_ART
ScaledTarget_0036_006,PQVCCIKSMHAYDTYHMAWNSWTKRHFTGQLQHQERKIMNNG,42,0.554,0.710,0.591,189.0,0.214,PUBLISHED_PRIOR_ART
ScaledTarget_0036_007,GNCMEFTQQNVKCPSPDGCSQGGYQNPQISQQSWLQDTTPMYGKN,45,0.546,0.689,0.574,141.0,0.156,PUBLISHED_PRIOR_ART
ScaledTarget_0036_008,INSAECDFVNAIVAQHGQVHGYTFNEYKKGVVFSESTRWFFYLQSEAILRHR,52,0.713,0.975,0.812,363.0,0.365,PUBLISHED_PRIOR_ART
ScaledTarget_0036_009,GGVVLVPNNTMNWLDGMRSMWWRH,24,0.560,0.608,0.507,249.0,0.333,PUBLISHED_PRIOR_ART
ScaledTarget_0036_011,GYMLGQMTTLPLSVDLSTLLAEEYGWCWEMCLECKDLHHHWHPKCNLIYHIARYKY,56,0.721,1.000,0.846,511.5,0.357,PUBLISHED_PRIOR_ART
ScaledTarget_0036_012,WGTWIFAYLPWYLILQKGIFQTFFCF,26,0.734,0.903,0.752,553.5,0.615,PUBLISHED_PRIOR_ART
ScaledTarget_0036_013,RSCAIMRFAPNKNGKIRWVDDQQIEQVYLMFVEYVCQLKDLGR,43,0.660,0.851,0.709,258.0,0.349,PUBLISHED_PRIOR_ART
ScaledTarget_0036_014,CRCNQQGKLVKTLSEFYPYLDTVCLVWTYGCTVGPKMQNWLTQPLKKHRLSVVHSPFKFK,60,0.720,1.000,0.880,406.5,0.350,PUBLISHED_PRIOR_ART
ScaledTarget_0036_015,GYMLGRNCFMWIQCEECDCFESNIERYKHFEM,32,0.532,0.654,0.545,225.0,0.281,PUBLISHED_PRIOR_ART
ScaledTarget_0036_016,KFAIWIYWFIFGYWCFIFLIILTF,24,0.808,1.000,0.873,657.0,0.792,PUBLISHED_PRIOR_ART
ScaledTarget_0036_017,GYMLGGGVVVGPPEWWSEMMIYYNYNPSWMPKCIALYQYPTWCAGPKQG,49,0.688,0.921,0.768,595.5,0.347,PUBLISHED_PRIOR_ART
ScaledTarget_0036_018,PPQLQLESRQTNGTPGQIPAGATGQFDGDNG,31,0.618,0.496,0.413,21.0,0.129,PUBLISHED_PRIOR_ART
ScaledTarget_0036_019,IDWPVNIYMVRYYYMCIAYLGFLVAIDV,28,0.739,0.919,0.766,523.5,0.607,PUBLISHED_PRIOR_ART
ScaledTarget_0037_000,GYMLGFFAESSETVFGLGYWLLCLCSPEMKDTRRAAQ,37,0.617,0.755,0.629,315.0,0.324,PUBLISHED_PRIOR_ART
ScaledTarget_0037_001,NYTGGQSRPHWSYGNCCQQ,19,0.522,0.380,0.316,82.5,0.158,PUBLISHED_PRIOR_ART
ScaledTarget_0037_005,YECPVVMLPRAFPQMEPGNQCMHLCNAQCKNFNDDCFDHGFWFTCLNPFA,50,0.610,0.850,0.708,417.0,0.260,PUBLISHED_PRIOR_ART
ScaledTarget_0037_006,KLVFFHYAGREGWVRMRCLTFTYRTIPRGSAEFNHNEGARADCTVMPCLKDYHAHW,56,0.649,0.946,0.789,327.0,0.286,PUBLISHED_PRIOR_ART
ScaledTarget_0037_007,GGVVLVFFVSPQPFEEFWLVVVHTPEYLCAFMCAFMYMN,39,0.722,0.936,0.780,604.5,0.487,PUBLISHED_PRIOR_ART
ScaledTarget_0037_009,KLVFFPNVLWIWSLDMFPHRPMYSHNFPTTIQRTRGCQHM,40,0.646,0.816,0.680,376.5,0.350,PUBLISHED_PRIOR_ART
ScaledTarget_0037_010,EMWPWQRRYGFFEYTHYLYVWYIGM,25,0.674,0.799,0.666,420.0,0.520,PUBLISHED_PRIOR_ART
ScaledTarget_0037_011,PPYNCNQVIYQGIFFHPDIGLVWRWANQQADCQWHHAGIHHLINYTSGVYP,51,0.712,0.970,0.808,537.0,0.373,PUBLISHED_PRIOR_ART
ScaledTarget_0037_012,GSNKGLVFFAHHSQTPGRGGTQMARSMSDYFYPRHVFYAIGALSPNMSCLWW,52,0.630,0.901,0.751,433.5,0.288,PUBLISHED_PRIOR_ART
ScaledTarget_0037_013,ACPKTNNAIEQSYTELELLNP,21,0.612,0.481,0.400,69.0,0.238,PUBLISHED_PRIOR_ART
ScaledTarget_0037_014,NGSAQPTNPEQQDQPGPTDLRVAP,24,0.567,0.368,0.307,-40.5,0.083,PUBLISHED_PRIOR_ART
ScaledTarget_0037_015,GGVVRYLSVAIVLKFVYFYCFTDFCVVISRYYVYWVCVTFWWYLGFLDYII,51,0.787,1.000,1.059,1026.0,0.686,PUBLISHED_PRIOR_ART
ScaledTarget_0037_016,ATARLMNNSMKACSSIGLWTHKWVMENHKID,31,0.506,0.589,0.491,159.0,0.226,PUBLISHED_PRIOR_ART
ScaledTarget_0037_017,FFVYPIAFEYYLVYNDRKNVYLWWWGYMFNGVWITSRLLQYSCYFFWEAY,50,0.770,1.000,0.980,945.0,0.600,PUBLISHED_PRIOR_ART
ScaledTarget_0037_018,LVFFSPKFIFFYYYNGPIVEPMVVSVFWWIVSFILAVARLAFLQGWVVNLFLRSCLMKSW,60,0.770,1.000,1.080,1077.0,0.600,PUBLISHED_PRIOR_ART
ScaledTarget_0037_019,GGVVVKKQPGPENVETIKGPSSEQGFGFMNNLPGQGMGPENKYHEMGNAWI,51,0.598,0.819,0.683,169.5,0.216,PUBLISHED_PRIOR_ART
ScaledTarget_0038_000,KLVFFSCYKAPYNQRRQNTMKEPVFQGNCIDWDNNSQ,37,0.551,0.703,0.586,177.0,0.270,PUBLISHED_PRIOR_ART
ScaledTarget_0038_001,HGGDWPMDRWFCDKPDA,17,0.519,0.373,0.311,66.0,0.176,PUBLISHED_PRIOR_ART
ScaledTarget_0038_002,HKTRKEPIDHTLLDILF,17,0.638,0.543,0.452,36.0,0.353,PUBLISHED_PRIOR_ART
ScaledTarget_0038_003,WLDRIEYETWIWWDWILVWEKSIMPFFYWQFVTWQWQPVVPIDLIYY,47,0.773,1.000,0.964,894.0,0.617,PUBLISHED_PRIOR_ART
ScaledTarget_0038_005,LVFFFFAEAQRYCEDMIKIHCKCTQYDHFIKHSTKGCTEQLLRVAKDFDPV,51,0.689,0.932,0.777,292.5,0.333,PUBLISHED_PRIOR_ART
ScaledTarget_0038_006,FTIPWWFGEQEHYSFKFMCLHCHCPSFNKEYDQGFEGVLINYPTF,45,0.687,0.903,0.752,469.5,0.378,PUBLISHED_PRIOR_ART
ScaledTarget_0038_008,GSNKGFLYWAIGGLVILVTGAFVWVLSWM,29,0.711,0.878,0.731,511.5,0.552,PUBLISHED_PRIOR_ART
ScaledTarget_0038_009,EMCHKQLRMQHALTWMLLAVPHKALALPEWFYMEAHVKGLGPSEASKAVAGHKWWEFL,58,0.710,0.994,0.828,463.5,0.310,PUBLISHED_PRIOR_ART
ScaledTarget_0038_010,QWKTFPLLKMVIRFYTTELCVYFFKTVMFVLYKVWYCFANVHVR,44,0.759,1.000,0.876,648.0,0.545,PUBLISHED_PRIOR_ART
ScaledTarget_0038_011,IQCLKWTDGHFIVMEIVEMWGNHVMP,26,0.599,0.681,0.568,286.5,0.385,PUBLISHED_PRIOR_ART
ScaledTarget_0038_013,YEYTLGWGKSVLPKIKCTSYCGLEAVENAHNMSPNQVIDRKDVMFFVFRGFRC,53,0.703,0.962,0.802,360.0,0.340,PUBLISHED_PRIOR_ART
ScaledTarget_0038_014,YCYNWVIFFQVVTIGWYIYNRWFPMWYFSWILGYSWIGFFMWGIINL,47,0.782,1.000,0.998,1102.5,0.660,PUBLISHED_PRIOR_ART
ScaledTarget_0038_015,FGAPKFSSHLVWSWETYAWNNKTWDWENHYMMTLQGE,37,0.617,0.755,0.629,364.5,0.324,PUBLISHED_PRIOR_ART
ScaledTarget_0038_016,EPHSCAEYHAAYAWKRHIYKEHKCHRSAFDPEFKVTEVPDEPRCFM,46,0.724,0.761,0.634,87.0,0.217,PUBLISHED_PRIOR_ART
ScaledTarget_0038_017,YVKEVEHHYMLLLYYYAPDQFLEIV,25,0.697,0.838,0.698,328.5,0.560,PUBLISHED_PRIOR_ART
ScaledTarget_0038_018,MYYSYLNIFFYHSAQDFPLEDSPDCDIMTMAQYCFHHQELGDYMFKM,47,0.674,0.891,0.742,477.0,0.340,PUBLISHED_PRIOR_ART
ScaledTarget_0038_019,TFVWVSTIRDMKFKILCGGGHLAWVEESF,29,0.631,0.745,0.621,288.0,0.414,PUBLISHED_PRIOR_ART
ScaledTarget_0039_000,GYMLGFAEDVLAIVRR,16,0.532,0.612,0.510,154.5,0.438,PUBLISHED_PRIOR_ART
ScaledTarget_0039_001,GSNKGAKGAQKIGAYETKAGASAMAARKKPAELMIPELENERCAWRKVARLR,52,0.729,0.772,0.643,-6.0,0.154,PUBLISHED_PRIOR_ART
ScaledTarget_0039_003,AIIGMVMMTVWEHYWYSTVNGTFPLHWV,28,0.656,0.782,0.651,447.0,0.464,PUBLISHED_PRIOR_ART
ScaledTarget_0039_004,YKPNQGHNWAQHQPMCEPQPMFNMVPLHQCPIIGL,35,0.526,0.639,0.533,249.0,0.229,PUBLISHED_PRIOR_ART
ScaledTarget_0039_005,AIIGMVFFMLGWSLLYFYVMY,21,0.740,0.892,0.743,508.5,0.667,PUBLISHED_PRIOR_ART
ScaledTarget_0039_006,VVSDCQMRCDAILKIGATERQGQKIAPYD,29,0.652,0.580,0.483,79.5,0.241,PUBLISHED_PRIOR_ART
ScaledTarget_0039_007,RVEYDFFCIITDGEQQGGRNNYAQGRNIRWIGPAQDNGFTGIQGINR,47,0.602,0.830,0.691,207.0,0.277,PUBLISHED_PRIOR_ART
ScaledTarget_0039_008,HGEQAAAHCHSSKEYWWWDGMAAAALEANSEAGKYEGRDQEELFEYDLAEGNKKK,55,0.754,0.835,0.695,88.5,0.182,PUBLISHED_PRIOR_ART
ScaledTarget_0039_009,EYAESKAFMAAGPAQLIESKSLLLLSAATEKQLEQSLKLGHPELVPKTKNQLEEPEES,58,0.791,0.928,0.773,87.0,0.241,PUBLISHED_PRIOR_ART
ScaledTarget_0039_010,GQNPPNNLGPWNTVPGPNLKPPVKGQYMYGGPPSN,35,0.515,0.612,0.510,159.0,0.200,PUBLISHED_PRIOR_ART
ScaledTarget_0039_011,AIIGMCVWPKNIWFLTNESDMESGPNRLGMYFRQNSPGTAQQNNKNLQHK,50,0.602,0.830,0.692,252.0,0.240,PUBLISHED_PRIOR_ART
ScaledTarget_0039_012,GGVVFAEDVHDTLNCPMGKASAKTYCLPMRWTAVCYSHCDFTVFVETNFNLYYCW,55,0.716,0.992,0.826,538.5,0.345,PUBLISHED_PRIOR_ART
ScaledTarget_0039_013,LVFFADPQMQDERPKQN,17,0.542,0.430,0.358,42.0,0.235,PUBLISHED_PRIOR_ART
ScaledTarget_0039_014,KLVFFVYRVYYLYRHRYFEDI,21,0.740,0.892,0.743,303.0,0.667,PUBLISHED_PRIOR_ART
ScaledTarget_0039_015,YQCPQPGGGYPQVPPWEGPGQSHVPPPWFCAITQYKQQNPDGPSGA,46,0.566,0.740,0.617,244.5,0.196,PUBLISHED_PRIOR_ART
ScaledTarget_0039_016,GGVVANKNCHLCHCDWYKFADPKSMFSNDYVENQVRSYY,39,0.617,0.763,0.636,253.5,0.308,PUBLISHED_PRIOR_ART
ScaledTarget_0039_017,MVIGYMLKSKALCTLYEPILIALQLRPYFAQYAGKPDQLLCNVPVYRQNWESAIKER,57,0.727,1.000,0.879,490.5,0.386,PUBLISHED_PRIOR_ART
ScaledTarget_0039_018,LGFWWPLFGLDWAMDIIIPIL,21,0.712,0.846,0.705,441.0,0.619,PUBLISHED_PRIOR_ART
ScaledTarget_0039_019,FYIHFTYWNYRLWVDAIPIPVWILYIRNWHFNWLTLIKAQGWVNLWLELVYLYF,54,0.780,1.000,1.059,1059.0,0.648,PUBLISHED_PRIOR_ART
ScaledTarget_0040_000,GYMLGLEDRLKAAAKLGNEWMLLIWRTC,28,0.593,0.679,0.566,252.0,0.357,PUBLISHED_PRIOR_ART
ScaledTarget_0040_001,ACVNPHNHLKCRWSHVLYVIFAWSLSHYAVDVVEKYYETMLTPS,44,0.700,0.921,0.767,435.0,0.409,PUBLISHED_PRIOR_ART
ScaledTarget_0040_002,GGVVFAEDVPDKTEMKMIAPFFRVGFVYGQVTRCSGAFNGRMTLCAILNCMCW,53,0.692,0.944,0.787,469.5,0.321,PUBLISHED_PRIOR_ART
ScaledTarget_0040_003,VKRDRCCEMFPFYGPAWGKLVNWMSMHSITKAKSHYMSSHLKP,43,0.575,0.762,0.635,247.5,0.256,PUBLISHED_PRIOR_ART
ScaledTarget_0040_004,HIWVIIRKWMSKNKYFEFIVWLEHNILVVLNTDQWLFWIYWMIWRFRLCFIV,52,0.773,1.000,1.012,906.0,0.615,PUBLISHED_PRIOR_ART
ScaledTarget_0040_006,RLTHQFIPGMLGMQVLYRYYCPNLKKRVHENSDAEWAR,38,0.617,0.759,0.633,214.5,0.316,PUBLISHED_PRIOR_ART
ScaledTarget_0040_007,FQNLNCLPPPPWLQQFNNQRFHWNPFLQVMNNCNNYDPPAEGGQV,45,0.597,0.817,0.681,373.5,0.289,PUBLISHED_PRIOR_ART
ScaledTarget_0040_008,FAEDVIFMVINVLIVFFLYVKIPGFFWNGCKGFHDVVKVNHN,42,0.760,1.000,0.858,586.5,0.548,PUBLISHED_PRIOR_ART
ScaledTarget_0040_009,LVFFYLYCPVLNACEIWCPDDTELQDLFCILYKHFRWKEWTCWSA,45,0.739,0.988,0.823,601.5,0.467,PUBLISHED_PRIOR_ART
ScaledTarget_0040_010,HHGIAPRMAQTWAIMKAKMVMPCGTHKPKAKNIFLLF,37,0.541,0.678,0.565,240.0,0.243,PUBLISHED_PRIOR_ART
ScaledTarget_0040_011,LVFFGGVVELICATEFTRDWLIIEPYMNSY,30,0.686,0.840,0.700,396.0,0.500,PUBLISHED_PRIOR_ART
ScaledTarget_0040_012,QDACQLVNVYFYPYKKLAMQK,21,0.573,0.618,0.515,187.5,0.381,PUBLISHED_PRIOR_ART
ScaledTarget_0040_013,VGGAVKLVFFMYWCRRGEMVQIHYPRSEPEWGGESML,37,0.633,0.781,0.651,312.0,0.351,PUBLISHED_PRIOR_ART
ScaledTarget_0040_014,RGTSYQLCTLWQVCYYRRWDKHFFL,25,0.627,0.722,0.602,276.0,0.440,PUBLISHED_PRIOR_ART
ScaledTarget_0040_015,CMFHNMTTWDHCTNVCWLAERTMCSGWQF,29,0.502,0.580,0.483,294.0,0.241,PUBLISHED_PRIOR_ART
ScaledTarget_0040_016,GSNKGFAEDVDTFCMQQFCFEPYPCACMFIEP,32,0.520,0.624,0.520,247.5,0.250,PUBLISHED_PRIOR_ART
ScaledTarget_0040_017,KAAIGEAVHWTEYLDIIRWIFKIRLEKLFAKAALFIKERMGNKLTNEPRYG,51,0.712,0.970,0.808,318.0,0.373,PUBLISHED_PRIOR_ART
ScaledTarget_0040_018,LVFFFPSDQDCHQCYTNFYYFCWRMYWTPHSD,32,0.641,0.774,0.645,423.0,0.406,PUBLISHED_PRIOR_ART
ScaledTarget_0040_019,LQPNCDGGKDRNGNFCQNTFWQKYKMVFIGNKSQLIWLME,40,0.577,0.768,0.640,268.5,0.300,PUBLISHED_PRIOR_ART
ScaledTarget_0041_000,FAEDVLVFFSPVGKKAIQNCFLPYHNDSDDIWN,33,0.638,0.774,0.645,285.0,0.394,PUBLISHED_PRIOR_ART
ScaledTarget_0041_001,LVFFRCQYVFPWQIEKTMEDSNMQTYGA,28,0.593,0.679,0.566,267.0,0.357,PUBLISHED_PRIOR_ART
ScaledTarget_0041_002,EGACYQWAAYPQYWSYAKF,19,0.506,0.582,0.485,265.5,0.368,PUBLISHED_PRIOR_ART
ScaledTarget_0041_003,VFFPPYKTFYVHYIILMWAYRFPIKFDIQAFTRRMTFVIWTNI,43,0.757,1.000,0.858,658.5,0.535,PUBLISHED_PRIOR_ART
ScaledTarget_0041_004,NMQVTFHGPLNHQQLNWLNMSEESFPQLCAWVRNANPPQHIA,42,0.572,0.755,0.630,297.0,0.262,PUBLISHED_PRIOR_ART
ScaledTarget_0041_005,LVFFFFAEGEMKYNYQLKYYSILHDRQEYDQSYEWHGKTHSMLWKPC,47,0.699,0.932,0.776,405.0,0.383,PUBLISHED_PRIOR_ART
ScaledTarget_0041_006,YDSDQTDIILGHIHVGAGVSANTMYLSMMEMDSCK,35,0.537,0.667,0.556,207.0,0.257,PUBLISHED_PRIOR_ART
ScaledTarget_0041_007,GYMLGVGGAVVKSVMWHQWEHQMLYLVDLFKSFESTQYFLSLV,43,0.728,0.963,0.802,535.5,0.465,PUBLISHED_PRIOR_ART
ScaledTarget_0041_009,IGGVIMFDVVMLFMAFCD,18,0.578,0.696,0.580,309.0,0.500,PUBLISHED_PRIOR_ART
ScaledTarget_0041_010,VGGAVWEEIIMFNFLYPCFDHFYEFMINLSFIWSFCA,37,0.727,0.937,0.781,627.0,0.514,PUBLISHED_PRIOR_ART
ScaledTarget_0041_011,FFAELVFFAYMHCKSLRLSRNGFNQRCI,28,0.614,0.713,0.594,276.0,0.393,PUBLISHED_PRIOR_ART
ScaledTarget_0041_013,YFGWLYWFMHVGCIFEEIGYHLPMIQQGTKIITYAWWPLVHRTEWGSFLEWILQYWHTNL,60,0.750,1.000,1.000,927.0,0.500,PUBLISHED_PRIOR_ART
ScaledTarget_0041_014,WIVPRKRAVSWVDDLEPQCFVPWF,24,0.633,0.728,0.607,267.0,0.458,PUBLISHED_PRIOR_ART
ScaledTarget_0041_015,RNQRQNQMRLLLGQPAYQWDGGPILPMAQMQMSPPNQQIAATFEQPLLTDQSPYPFF,57,0.638,0.920,0.766,367.5,0.246,PUBLISHED_PRIOR_ART
ScaledTarget_0041_016,GYMLGQPLNNYGKFDNFPIYTGKQGWNPGQ,30,0.529,0.648,0.540,241.5,0.300,PUBLISHED_PRIOR_ART
ScaledTarget_0041_017,AIIGMAIIGMFYMTLIIQFEWCCWQ,25,0.650,0.761,0.634,468.0,0.480,PUBLISHED_PRIOR_ART
ScaledTarget_0041_018,LVFFGGVVMGSGNWSDHWRIMLFIRRKGALREVIHRGD,38,0.663,0.835,0.696,303.0,0.395,PUBLISHED_PRIOR_ART
ScaledTarget_0041_019,GYMLGKEAWFRDRRNWQYHNHAKCRDDVFWIHKKEIVCWWIVVEIPH,47,0.699,0.932,0.776,363.0,0.383,PUBLISHED_PRIOR_ART
ScaledTarget_0042_000,ASKAKLEWAMLSCTAKSKKNAQPFFLSEVLGCRHLLAEKKLRTQ,44,0.577,0.768,0.640,126.0,0.250,PUBLISHED_PRIOR_ART
ScaledTarget_0042_001,DQQFFQYVKNKWEYNNWVKYDNIKVWIEIMYN,32,0.677,0.834,0.695,349.5,0.469,PUBLISHED_PRIOR_ART
ScaledTarget_0042_002,FFAEAEARKAKAYEPGDEKMWKLNAGQL,28,0.637,0.542,0.451,72.0,0.214,PUBLISHED_PRIOR_ART
ScaledTarget_0042_003,FAEDVPGRNDGCWSIMRSGDNNGEQGVDGNDYGFNRPNRNACNEANNPPSSVM,53,0.732,0.781,0.651,69.0,0.151,PUBLISHED_PRIOR_ART
ScaledTarget_0042_004,CRFCIVRLWECMMVEWKMEQSLVTELRQMHMCQYPHPGF,39,0.617,0.763,0.636,334.5,0.308,PUBLISHED_PRIOR_ART
ScaledTarget_0042_005,PDQMMARNQAILPEIPAPSPNQGRMWGERRNGADNQCPQH,40,0.650,0.576,0.480,30.0,0.100,PUBLISHED_PRIOR_ART
ScaledTarget_0042_006,RRDLFMNNRYRAKRCMVVMWSWVCHAPAQYGRFTMGKTFHDD,42,0.572,0.755,0.630,241.5,0.262,PUBLISHED_PRIOR_ART
ScaledTarget_0042_008,KLVFFHFYPWTFQPGEKYTCEM,22,0.595,0.657,0.547,252.0,0.409,PUBLISHED_PRIOR_ART
ScaledTarget_0042_010,TQRLTHKRPFVASMPCMIAQGQAPHSHCSLCINWQWRMHDFVEIAGALTDNQSRG,55,0.618,0.869,0.725,270.0,0.218,PUBLISHED_PRIOR_ART
ScaledTarget_0042_011,KLVFFLFGCFLFFFP,15,0.700,0.884,0.737,355.5,0.733,PUBLISHED_PRIOR_ART
ScaledTarget_0042_012,KDAILLMAKECAKTKKEDACMEPYMNEK,28,0.609,0.473,0.394,-15.0,0.143,PUBLISHED_PRIOR_ART
ScaledTarget_0042_013,GYMLGLVFFIFRGEINQWMPHDPTRIGMC,29,0.611,0.712,0.593,330.0,0.379,PUBLISHED_PRIOR_ART
ScaledTarget_0042_014,LVFFGSNKGPTIIHRKQWPTWWVSNTKLCKFYAIWYPIEGEPTVRIVTCFHDSNWWECGF,60,0.730,1.000,0.920,624.0,0.400,PUBLISHED_PRIOR_ART
ScaledTarget_0042_015,LVFFAQAEYVSHCNYDVNE,19,0.537,0.632,0.527,192.0,0.421,PUBLISHED_PRIOR_ART
ScaledTarget_0042_017,FAEDVAIIGMSKNFSHADRYWRRMEPYRRFKKLKDFPWGFAET,43,0.633,0.806,0.672,207.0,0.302,PUBLISHED_PRIOR_ART
ScaledTarget_0042_018,FRYFIINQNHREKMMKYGKMGTFTQFSAGPSRVPFCRSTR,40,0.558,0.720,0.600,168.0,0.250,PUBLISHED_PRIOR_ART
ScaledTarget_0042_019,VKGHFYLNMDNDLLHRR,17,0.638,0.543,0.452,76.5,0.353,PUBLISHED_PRIOR_ART
ScaledTarget_0043_000,LVFFLVFFAKEECCQACVFSPGVF,24,0.657,0.768,0.640,352.5,0.500,PUBLISHED_PRIOR_ART
ScaledTarget_0043_001,NGNNPPCQGTPDHQKQYGFNLQQEDAWMGQNTQGGGGLG,39,0.656,0.591,0.493,85.5,0.128,PUBLISHED_PRIOR_ART
ScaledTarget_0043_002,RSIPAHQQQYYTRPLMCCRQRPLCFCGLMILSIADR,36,0.549,0.699,0.582,232.5,0.278,PUBLISHED_PRIOR_ART
ScaledTarget_0043_003,GYWHAFKYDWFLYIN,15,0.622,0.756,0.630,294.0,0.600,PUBLISHED_PRIOR_ART
ScaledTarget_0043_004,GTKTDAQVVKWENFDNCQGHLPSRRVWGINPSGFLNSP,38,0.553,0.709,0.591,159.0,0.263,PUBLISHED_PRIOR_ART
ScaledTarget_0043_005,MRNLIRDMCVMWFFKNVEWDIKNWTGQFGSSTSMLLWKYMR,41,0.660,0.843,0.703,424.5,0.366,PUBLISHED_PRIOR_ART
ScaledTarget_0043_006,EAIGFMPMWIQYMTMKQFYWMRAFNGCGIVEEFYQWTTLRRVMNSPWYE,49,0.700,0.941,0.784,594.0,0.367,PUBLISHED_PRIOR_ART
ScaledTarget_0043_007,HATKHWSRACEFITSGMFTS,20,0.593,0.432,0.360,99.0,0.200,PUBLISHED_PRIOR_ART
ScaledTarget_0043_008,CNRSCSVNTWNLDETLRQVLAEAEHEMEEGKMKPSPQRIFADTLPPWKVDCLKS,54,0.615,0.861,0.718,103.5,0.222,PUBLISHED_PRIOR_ART
ScaledTarget_0043_009,PFQQTIAQKNDYKPDLQFNKPP,22,0.613,0.482,0.402,46.5,0.227,PUBLISHED_PRIOR_ART
ScaledTarget_0043_010,QTDHLLRQSVFDFLFFMIKFFNCIEMIQKVWNWCIIIMKQ,40,0.719,0.936,0.780,520.5,0.475,PUBLISHED_PRIOR_ART
ScaledTarget_0043_011,DIVWPPYSQILDFGCIFFVYFFWSPRKHVVRDFILGFPHCFAMDWKRMIKIA,52,0.746,1.000,0.905,682.5,0.481,PUBLISHED_PRIOR_ART
ScaledTarget_0043_012,WHDIFCIITYIDLVVFAVYTIIHFEQLWANFKYCMGILTLWSYFVWYQY,49,0.772,1.000,0.980,933.0,0.612,PUBLISHED_PRIOR_ART
ScaledTarget_0043_013,GSNKGQNPPEGQLVGHKPEWNDEDGHNPP,29,0.599,0.447,0.373,-69.0,0.103,PUBLISHED_PRIOR_ART
ScaledTarget_0043_014,LVFFALVFFMCLANSGDFHGEEWERSHEYHVH,32,0.641,0.774,0.645,316.5,0.406,PUBLISHED_PRIOR_ART
ScaledTarget_0043_015,FQNQWEFYIIFWIGVVSVGFTEQFIMWTSYFYLDFNFPAD,40,0.760,1.000,0.840,685.5,0.550,PUBLISHED_PRIOR_ART
ScaledTarget_0043_016,HTGHGHFDELQHPDEIENESVPPPGQMGAQACPYPALWNYMWYDNQH,47,0.577,0.768,0.640,231.0,0.213,PUBLISHED_PRIOR_ART
ScaledTarget_0043_017,FFAELVFFYQFRATFPHD,18,0.578,0.696,0.580,253.5,0.500,PUBLISHED_PRIOR_ART
ScaledTarget_0043_018,CEKKRPPSEHSAIAYSCLIWWFQV,24,0.560,0.608,0.507,187.5,0.333,PUBLISHED_PRIOR_ART
ScaledTarget_0043_019,LAQPQVQPNGPVTQFSKGLNGTAFFIPHLDGWCKGCDYPYMFNQPVGPHGPVG,53,0.633,0.908,0.756,394.5,0.283,PUBLISHED_PRIOR_ART
ScaledTarget_0044_002,DEPVHQFVTTRIYTLATLVCHDHDYLRKYMAWDQ,34,0.619,0.747,0.622,225.0,0.353,PUBLISHED_PRIOR_ART
ScaledTarget_0044_004,LVFFAALNLNYHFIFMYS,18,0.643,0.803,0.669,366.0,0.611,PUBLISHED_PRIOR_ART
ScaledTarget_0044_005,DHNIQCSYHNISVQILLISMHFHYVTAQKNASLGCGTVVN,40,0.646,0.816,0.680,327.0,0.350,PUBLISHED_PRIOR_ART
ScaledTarget_0044_006,KLVFFFRTVFKHSSIVFHWPKYILT,25,0.697,0.838,0.698,328.5,0.560,PUBLISHED_PRIOR_ART
ScaledTarget_0044_007,WMMCVWKIDAKSGHHHAYNIALLTIVNQFLKTHIPEHF,38,0.648,0.810,0.675,360.0,0.368,PUBLISHED_PRIOR_ART
ScaledTarget_0044_008,NLNTCHMIKFMPPHHSDFTWTQMWMISGYQREFSQV,36,0.549,0.699,0.582,300.0,0.278,PUBLISHED_PRIOR_ART
ScaledTarget_0044_009,FSILSYFPFIRRVMAIYFVPNWYWVKTCWRRWGSHYKGSVFV,42,0.755,1.000,0.839,622.5,0.524,PUBLISHED_PRIOR_ART
ScaledTarget_0044_010,GSNKGWWQGPLTKRRMNEVLYTIDLEGDIECHAMS,35,0.537,0.667,0.556,145.5,0.257,PUBLISHED_PRIOR_ART
ScaledTarget_0044_011,LTHQVIESHYMNVVPGKLIWWAEEQDMRNPNFKHAPGTAMMKWVELQRF,49,0.664,0.882,0.735,333.0,0.306,PUBLISHED_PRIOR_ART
ScaledTarget_0044_012,EKLIVAKALELLLHKEECKQKDAENICA,28,0.664,0.610,0.509,33.0,0.286,PUBLISHED_PRIOR_ART
ScaledTarget_0044_013,QRHDTKFVCYFLLDAWRWGYQCACGQMWE,29,0.591,0.679,0.566,304.5,0.345,PUBLISHED_PRIOR_ART
ScaledTarget_0044_014,RGYGHILKMEYIFECNQDSIIKVSTGWRYYYAGPTHYL,38,0.663,0.835,0.696,340.5,0.395,PUBLISHED_PRIOR_ART
ScaledTarget_0044_016,LVFFALVFFYIFQKMHVEDQTQYPESQCQCQAD,33,0.638,0.774,0.645,333.0,0.394,PUBLISHED_PRIOR_ART
ScaledTarget_0044_017,GVSSSWYERPSDLYFFIIFFQIQRTWWMRYSHFSMLMVLMIKNLRS,46,0.737,0.990,0.825,583.5,0.457,PUBLISHED_PRIOR_ART
ScaledTarget_0044_018,LVFFDGKTKATAVDATEFWSPCFMAIFLWYSMFTSVHNAPKCDGVVWEQMMPPPVNKQ,58,0.716,1.000,0.842,549.0,0.328,PUBLISHED_PRIOR_ART
ScaledTarget_0045_000,LVFFKKVERAESRDDFTSTKTYPNFKDEVMGYEDNPTPNNKLDSTD,46,0.733,0.782,0.651,7.5,0.239,PUBLISHED_PRIOR_ART
ScaledTarget_0045_001,PCNFTVTHQTKQSSSWAMDLQELIRKGIPICAAHKSYQWYHSVCCRHYVILIT,53,0.692,0.944,0.787,385.5,0.321,PUBLISHED_PRIOR_ART
ScaledTarget_0045_002,GNNDGGLDHHYLEGSIVIWEGMGPNWSPPTKQGGEKDQNQQEPNQTQVYIM,51,0.598,0.819,0.683,156.0,0.216,PUBLISHED_PRIOR_ART
ScaledTarget_0045_003,FAEDVWFNGLNIITVECLHWWNYDWHLLHEPYWWLLGAFLMFVYI,45,0.766,1.000,0.912,825.0,0.578,PUBLISHED_PRIOR_ART
ScaledTarget_0045_004,LKHFSIAGWHPSANMRFWF,19,0.506,0.582,0.485,231.0,0.368,PUBLISHED_PRIOR_ART
ScaledTarget_0045_005,RPCRIPCEWYHGKWTITIIMREPQIEYMCLDQSVPFCYQPA,41,0.632,0.796,0.664,331.5,0.317,PUBLISHED_PRIOR_ART
ScaledTarget_0045_006,NDLEGEPGPQPSFTSWQSGECGYGPGSQT,29,0.612,0.480,0.400,52.5,0.138,PUBLISHED_PRIOR_ART
ScaledTarget_0045_007,GGVVNIIYAKKYKEKKAHTAIAAVRLCPMHDERGKENPVLDKAECVKRLGLKFR,54,0.786,0.915,0.762,78.0,0.278,PUBLISHED_PRIOR_ART
ScaledTarget_0045_008,LVFFAWESYYLEGAGNPSAAAKAPRALLDLRAVPDRMAYKWV,42,0.660,0.847,0.706,379.5,0.357,PUBLISHED_PRIOR_ART
ScaledTarget_0045_010,KHKARKRVKARGPAFHRKKEMLNFKGAEPEALSATLCEADYTKPK,45,0.696,0.689,0.574,-111.0,0.156,PUBLISHED_PRIOR_ART
ScaledTarget_0045_011,YYYLYLWWVFLRVYKWWRALDVEQ,24,0.716,0.864,0.720,492.0,0.600,PUBLISHED_PRIOR_ART
ScaledTarget_0045_012,FAEDVLGLEQEVLAIMKLEATKALLDAINLRAVD,34,0.636,0.775,0.646,217.5,0.382,PUBLISHED_PRIOR_ART
ScaledTarget_0045_013,WIETEEIEFTALLNCLACVRPELTRCDA,28,0.572,0.645,0.537,169.5,0.321,PUBLISHED_PRIOR_ART
ScaledTarget_0045_014,LVQMRIMLCVWVFKINYIDILYIIYFVV,28,0.793,1.000,0.851,568.5,0.714,PUBLISHED_PRIOR_ART
ScaledTarget_0045_015,CVQAYALFISFNCLDCMKLCY,21,0.601,0.663,0.553,307.5,0.429,PUBLISHED_PRIOR_ART
ScaledTarget_0045_016,GYMLGLGEINPQNSPNSNPIHNCQNTGAKSAG,32,0.634,0.534,0.445,97.5,0.156,PUBLISHED_PRIOR_ART
ScaledTarget_0045_017,GYMLGPVTVRQMTVHLNFYHPTSKVIRCFSMCCSVWTEPSSWFDLTKPEKKCHSMPDQWG,60,0.667,0.992,0.827,403.5,0.283,PUBLISHED_PRIOR_ART
ScaledTarget_0045_018,GSNKGVGGAVTKMKQFAFDPRAKPISVTLAWHYGFS,36,0.549,0.699,0.582,207.0,0.278,PUBLISHED_PRIOR_ART
ScaledTarget_0045_019,AVAYEAKTVCFLYIR,15,0.545,0.628,0.523,174.0,0.467,PUBLISHED_PRIOR_ART
ScaledTarget_0046_000,VTRWAVNELYKIVESIKIVQFRVNFNMEDYTISMMMMWEFVHA,43,0.701,0.918,0.765,453.0,0.419,PUBLISHED_PRIOR_ART
ScaledTarget_0046_001,FPPNFWVYFEICNIADIFSYYFHMDFWWIVLLKDHLWLQFLCFLTEHVMVHQVYPPFQ,58,0.760,1.000,1.021,972.0,0.552,PUBLISHED_PRIOR_ART
ScaledTarget_0046_002,RADCYALVFIGECWVHMAWVILDGDCFTFGRVTILKLDQCDMVPKDDE,48,0.699,0.936,0.780,411.0,0.375,PUBLISHED_PRIOR_ART
ScaledTarget_0046_003,LVFFALVFFKIYMKGHSYRQPIVKIMWHTYEEQTNIDNECCS,42,0.688,0.893,0.744,400.5,0.405,PUBLISHED_PRIOR_ART
ScaledTarget_0046_004,HRLIQAVEYPDMKHMKNISCNMASFMDILTRIRNWNAEERERCKFNAY,48,0.596,0.816,0.680,183.0,0.250,PUBLISHED_PRIOR_ART
ScaledTarget_0046_005,GDKELLDLVLKKKLELELLEEA,22,0.856,0.840,0.700,36.0,0.600,PUBLISHED_PRIOR_ART
ScaledTarget_0046_006,LVFFAHQIMTGHVCKMYWPEQQCVSVWDAWMSWQTPHY,38,0.648,0.810,0.675,478.5,0.368,PUBLISHED_PRIOR_ART
ScaledTarget_0046_007,QMTVTYYSPSYQHSEQHSSDKRCRGQD,27,0.606,0.466,0.389,-19.5,0.148,PUBLISHED_PRIOR_ART
ScaledTarget_0046_008,NHEQGLTCPFWGPNGQYHWSPPNNQLFQQVNDPYM,35,0.537,0.667,0.556,261.0,0.257,PUBLISHED_PRIOR_ART
ScaledTarget_0046_009,WDMLIIHEWEDVDPVQFLLYYRHAWWGYHCP,31,0.681,0.837,0.697,433.5,0.484,PUBLISHED_PRIOR_ART
ScaledTarget_0046_010,VGGAVCHQGLQQQTEGTGKLTDGPTHRQFY,30,0.641,0.552,0.460,63.0,0.200,PUBLISHED_PRIOR_ART
ScaledTarget_0046_011,FAEDVGTHQRGQWHNGTYCKGSGQ,24,0.599,0.448,0.373,45.0,0.167,PUBLISHED_PRIOR_ART
ScaledTarget_0046_012,FLLTLALNGEELFKKPEKANKLEEARAGQELNSCKL,36,0.699,0.699,0.582,69.0,0.278,PUBLISHED_PRIOR_ART
ScaledTarget_0046_013,KGDSNWRNLPKFTTCSRMSRTKSNVLYFVYYCNRTCDLRDK,41,0.570,0.750,0.625,121.5,0.268,PUBLISHED_PRIOR_ART
ScaledTarget_0046_015,DRNCGSAWHKNCHYRDQFAFHWDSDLLHKTPHPNKAAINCCLHDQKKWDCHPHAPCDG,58,0.615,0.862,0.718,124.5,0.172,PUBLISHED_PRIOR_ART
ScaledTarget_0046_016,EPKDMKKLNLNPLLSAERVKLPCFLLKMPE,30,0.679,0.648,0.540,93.0,0.300,PUBLISHED_PRIOR_ART
ScaledTarget_0046_017,AIIGMFAFIWYEQRLSAHRTIKVKQDENMFSHRVRWMCYYMLDDFICYDTMTQTIYY,57,0.727,1.000,0.879,580.5,0.386,PUBLISHED_PRIOR_ART
ScaledTarget_0046_018,LCGIEANDPMACWQEFKKNPTMNCYTMKNKKVNP,34,0.501,0.577,0.481,120.0,0.176,PUBLISHED_PRIOR_ART
ScaledTarget_0046_019,VGGAVVMCTPYEIKWIMFL,19,0.568,0.683,0.569,286.5,0.474,PUBLISHED_PRIOR_ART
ScaledTarget_0047_000,KLVFFLVFFYQKMCDTKWSPKVPQKDVPLKQHWDHVHMFMMHNNITHWEEMGIS,54,0.715,0.986,0.821,444.0,0.352,PUBLISHED_PRIOR_ART
ScaledTarget_0047_001,LEAQSRPPPVNQEQPFTNYMDSEGPQQEWPYWKLPNGQNGFCAFPLFWT,49,0.607,0.843,0.702,336.0,0.265,PUBLISHED_PRIOR_ART
ScaledTarget_0047_002,SCTRPSGVMNFRNTEPFRYQFGISKYMGYRQSK,33,0.521,0.629,0.524,124.5,0.242,PUBLISHED_PRIOR_ART
ScaledTarget_0047_003,AIIGMPLKPNEVDAEAQACHDKKDEE,26,0.604,0.460,0.383,-34.5,0.154,PUBLISHED_PRIOR_ART
ScaledTarget_0047_004,GSHCWQCMKYGGRLCPQQDGC,21,0.576,0.389,0.324,94.5,0.143,PUBLISHED_PRIOR_ART
ScaledTarget_0047_005,LVFFFAEDVWACNYGQSTSWMPMCKRMC,28,0.572,0.645,0.537,333.0,0.321,PUBLISHED_PRIOR_ART
ScaledTarget_0047_006,DFEFMNTWFYHALIVEFEVIAMGFQFIFFDRHLFSNLIYKSDNYWARYSQFSWRVFRVNM,60,0.747,1.000,0.987,795.0,0.483,PUBLISHED_PRIOR_ART
ScaledTarget_0047_007,FAEDVQYFGIQRGNNTHWPIVGWNPKGPEQHNPVPGGQPGEGTQP,45,0.571,0.753,0.628,171.0,0.222,PUBLISHED_PRIOR_ART
ScaledTarget_0047_008,NRWAVFFWQYGVYFRLMRDRARQQNICQPEYKECPFLSYGFQTKWYEKFPAMTKVNQ,57,0.720,1.000,0.851,466.5,0.351,PUBLISHED_PRIOR_ART
ScaledTarget_0047_009,VNCWWEPVRENISLTW,16,0.532,0.612,0.510,192.0,0.438,PUBLISHED_PRIOR_ART
ScaledTarget_0047_010,FFAEGYMLGREMNMAQNIRKFDIMSLMWWVGSEGAHVKWGFGFDPPFV,48,0.687,0.916,0.763,507.0,0.354,PUBLISHED_PRIOR_ART
ScaledTarget_0047_011,FFAEELDAVLFEIEEKNFAQLLEGLENELKAAP,33,0.621,0.745,0.621,184.5,0.364,PUBLISHED_PRIOR_ART
ScaledTarget_0047_012,WTMRLHMCIAIHFFLGA,17,0.522,0.599,0.499,259.5,0.412,PUBLISHED_PRIOR_ART
ScaledTarget_0047_013,RGHSRLEARAWPTYDVPIHNRQTCDEIGRQGTFCLGHLILENHLCCSIFIQWWNQTLDR,59,0.711,1.000,0.834,333.0,0.305,PUBLISHED_PRIOR_ART
ScaledTarget_0047_014,FAEDVIEFCYHPEIASNYISY,21,0.601,0.663,0.553,220.5,0.429,PUBLISHED_PRIOR_ART
ScaledTarget_0047_015,FFAESNFYFGTSFDYKRFTITTDLIQLNLMA,31,0.644,0.775,0.645,339.0,0.419,PUBLISHED_PRIOR_ART
ScaledTarget_0047_016,LVFFEPPMQMTGTENGGFPPNQIPECNTQLQDGKGPIFP,39,0.546,0.690,0.575,204.0,0.231,PUBLISHED_PRIOR_ART
ScaledTarget_0047_017,FNVPWKHHFAIIHKPKGPIPYHAIQLADCGYPAKDHMGVEGWSAHCHMPCFQTGNDGVTL,60,0.660,0.976,0.813,394.5,0.267,PUBLISHED_PRIOR_ART
ScaledTarget_0047_018,EGRNMSLAPCDDRSVFPQFYCYMGDQNLIDSEVFYMAC,38,0.564,0.734,0.612,282.0,0.289,PUBLISHED_PRIOR_ART
ScaledTarget_0048_000,NDEYSGYPWMRDTKPEKEVISHR,23,0.614,0.485,0.404,-7.5,0.217,PUBLISHED_PRIOR_ART
ScaledTarget_0048_001,GGVVYKIVGGKPLPLVIWYSWLHIEKNQKLFYWTST,36,0.715,0.912,0.760,435.0,0.500,PUBLISHED_PRIOR_ART
ScaledTarget_0048_002,ALAKDLEEEEKAFILWFWHCQKRKLKSICPCMHCRGVYINA,41,0.632,0.796,0.664,249.0,0.317,PUBLISHED_PRIOR_ART
ScaledTarget_0048_003,IHVRDLHVDDFDVRKPILWDTYWIVAWIDPFMDIAWYYEWF,41,0.757,1.000,0.839,576.0,0.537,PUBLISHED_PRIOR_ART
ScaledTarget_0048_004,KLVFFYEWGGHWCHAQHEWDQH,22,0.568,0.613,0.511,219.0,0.364,PUBLISHED_PRIOR_ART
ScaledTarget_0048_005,KLVFFFKGQVDVLEVDLEYLFELNVLLFVNSFFIQRDVAIEVGIFARAGYI,51,0.764,1.000,0.965,642.0,0.569,PUBLISHED_PRIOR_ART
ScaledTarget_0048_006,LVFFAEICVDGYPKLVMNCEHKIAQ,25,0.604,0.684,0.570,232.5,0.400,PUBLISHED_PRIOR_ART
ScaledTarget_0048_008,ISLLYWWAMYCMLIVGCLHNVYLCHRMQFDAELYILLFVCWWGVNWVFFWDFQIRV,56,0.768,1.000,1.031,1084.5,0.589,PUBLISHED_PRIOR_ART
ScaledTarget_0048_009,AIIGMFFAEHIQIITLPYGNNKDKHYNPMIMHPRFRKKPNAYN,43,0.633,0.806,0.672,273.0,0.302,PUBLISHED_PRIOR_ART
ScaledTarget_0048_010,LVFFAQLQPPTNNPVQPNGFGGTLQNQPILKANTFGQRQPGNRPSMENDPNV,52,0.608,0.846,0.705,217.5,0.231,PUBLISHED_PRIOR_ART
ScaledTarget_0048_011,PMNYGNNCRNMGYKLQGHNIPKGDIQIGWIINGGQEVGLNACPQNGG,47,0.585,0.789,0.657,252.0,0.234,PUBLISHED_PRIOR_ART
ScaledTarget_0048_014,QPEYKSTTWVKRTFGLKMGQLCWIQKDSDQRVVSHFGKPKILNDWRPDW,49,0.664,0.882,0.735,216.0,0.306,PUBLISHED_PRIOR_ART
ScaledTarget_0048_015,CVDFWDPFRNFVSHCNIVYFMAWVFKDNKGHAEYHRPVVLWYGTYCMFKIAASWDGHD,58,0.729,1.000,0.897,631.5,0.397,PUBLISHED_PRIOR_ART
ScaledTarget_0048_016,GSEMKIMILEWSDSWWNFHGAQQVP,25,0.557,0.607,0.506,234.0,0.320,PUBLISHED_PRIOR_ART
ScaledTarget_0048_017,LVFFHVLLWWTFICIYWGYRKIFINQR,27,0.769,0.964,0.803,532.5,0.667,PUBLISHED_PRIOR_ART
ScaledTarget_0048_018,GSNKGLVFFSLRVVVVDGNGGPPSTNAKTHDQTAV,35,0.548,0.694,0.579,138.0,0.286,PUBLISHED_PRIOR_ART
ScaledTarget_0048_019,LVFFAVGGAVHHSNEKWFMDIIMDTGYDLQHQEYVDHVGIFCR,43,0.687,0.896,0.746,393.0,0.395,PUBLISHED_PRIOR_ART
ScaledTarget_0049_000,LVFFATALNKEPFWESILQKKPSHVHNLKCLELSID,36,0.650,0.805,0.671,250.5,0.389,PUBLISHED_PRIOR_ART
ScaledTarget_0049_001,PMNNMGHGISPSSVYNCGCQCLWFGHPHAFKCIKSQCCPMPWPLLF,46,0.591,0.802,0.669,441.0,0.261,PUBLISHED_PRIOR_ART
ScaledTarget_0049_002,GSNKGVQDVKLHNLIWFWYKA,21,0.601,0.663,0.553,202.5,0.429,PUBLISHED_PRIOR_ART
ScaledTarget_0049_003,WLLATLIVDPLNAEKYELELQEWMAVLETEEFKASWGKQETKMLPEIL,48,0.699,0.936,0.780,343.5,0.375,PUBLISHED_PRIOR_ART
ScaledTarget_0049_004,LVFFATMNYHTAGYTPINLCMNQ,23,0.564,0.610,0.508,283.5,0.348,PUBLISHED_PRIOR_ART
ScaledTarget_0049_005,DEQCATPAAMTKQQHCKFIFTKDG,24,0.583,0.408,0.340,22.5,0.125,PUBLISHED_PRIOR_ART
ScaledTarget_0049_006,KENAFDKTLMAKCKHADLLQGQD,23,0.597,0.443,0.369,-3.0,0.174,PUBLISHED_PRIOR_ART
ScaledTarget_0049_007,KMYWECDDCKYRIENIIHLALRIIN,25,0.604,0.684,0.570,190.5,0.400,PUBLISHED_PRIOR_ART
ScaledTarget_0049_009,HFHPKVQDGVQENLIFDNKDGQAQFSIHCPYEMPDPTT,38,0.543,0.683,0.569,114.0,0.237,PUBLISHED_PRIOR_ART
ScaledTarget_0049_010,FAEDVKLVFFDKQLFPAMCGCVYHPYGDFCDT,32,0.623,0.744,0.620,310.5,0.375,PUBLISHED_PRIOR_ART
ScaledTarget_0049_012,DHCCLDACANKWCGVMPWHIMSGIYGKCKDAMYLPGTAVMMNVHARNYEVPGKWKS,56,0.635,0.912,0.760,408.0,0.250,PUBLISHED_PRIOR_ART
ScaledTarget_0049_013,NILGCLYFKQQDSDNFMGLNKCQERTEPRFERTM,34,0.674,0.634,0.528,88.5,0.235,PUBLISHED_PRIOR_ART
ScaledTarget_0049_014,PYFNEVQALQMNYPMFSLKICAYQSEDNPKDDLDWYITSYYYYHTE,46,0.687,0.907,0.756,417.0,0.370,PUBLISHED_PRIOR_ART
ScaledTarget_0049_015,LRWKPGMFGEDKRGSPLGHPF,21,0.612,0.481,0.400,64.5,0.238,PUBLISHED_PRIOR_ART
ScaledTarget_0049_016,GGVVKLVFFREYVYSDCIINAHLPIASFQLFFAPFSLG,38,0.724,0.936,0.780,501.0,0.500,PUBLISHED_PRIOR_ART
ScaledTarget_0049_017,LVFFANQPQWEKFNYGEEFGKPRASNQLWLHFVQPLQNRHSQKPPQN,47,0.610,0.850,0.708,255.0,0.298,PUBLISHED_PRIOR_ART
ScaledTarget_0049_018,DIWYGLMVQNQVCGFTQCLEFPTHFDHKEPSQGMWNKQWVKGNSANW,47,0.610,0.850,0.708,372.0,0.298,PUBLISHED_PRIOR_ART
ScaledTarget_0049_019,GSNKGNRYYFYFVMDFFLYKWW,22,0.674,0.788,0.656,366.0,0.545,PUBLISHED_PRIOR_ART
